molid,dock_molid,compound_set,ECR_score,rdkit_smiles_cln
chemlml-t5molgen_high_sim_0_60,chemlml-t5+molgen-high-60,t5molgen_gen_ens,0.0033783942709497,C[C@H]1/C=C(/[C@@H](/C=C\C=C(\C(=O)NC2=CC(=O)c3cc(c(=O)cc(c3NCC=C)C(=O)C[C@H]([C@H]([C@H]1O)C)O)C2=O)/C)OC)\C
chemlml-t5molgen_high_sim_0_41,chemlml-t5+molgen-high-41,t5molgen_gen_ens,0.0023058476939266,C[C@H](CC=C[NH2+]CC=C)C[C@@H]([C@@H]([C@@H](C)/C=C(\C)/[C@@H]([C@H](/C=C\C=C(/C)\C(=O)N=C=O)OC)OC(=O)C)O)OC
chemlml-t5molgen_high_sim_0_55,chemlml-t5+molgen-high-55,t5molgen_gen_ens,0.0022188522272656,C[C@H](CC=C[NH2+]CC=C)C[C@@H]([C@@H]([C@@H](C)/C=C(\C)/[C@@H]([C@H](/C=C\C=C(/C)\C(=O)NC=O)OC)OC(=O)N)O)OC
chemlml-t5molgen_high_sim_0_37,chemlml-t5+molgen-high-37,t5molgen_gen_ens,0.0001923654691028,C[C@H]1C[C@@H]([C@H](/C=C(/[C@@H]([C@H](/C=C\C=C(\C(=O)NC2=CC(=O)[C@H](CN(C2=O)C(=O)C1)C=C)/C)OC)OC(=O)C)\C)C)O
chemlml-t5molgen_high_sim_0_66,chemlml-t5+molgen-high-66,t5molgen_gen_ens,8.386855220942248e-05,C[C@H]1C[C@@H]([C@@H]([C@H](/C=C(/[C@@H]([C@H](/C=C\C=C(\C(=O)NC2=CC(=O)C(=CC1C2=O)[NH2+]CC=C)/C)OC)OC(=O)C)\C)C)O)OC
chemlml-t5molgen_high_sim_0_22,chemlml-t5+molgen-high-22,t5molgen_gen_ens,7.678524811165202e-05,C[C@H]1C[C@@H]([C@H](/C=C(/[C@@H]([C@H](/C=C\C=C(\C(=O)NC(=O)NC2=CC(=O)C(=CC1C2=O)[NH2+]CC=C)/C)OC)OC(=O)N)\C)C)O
chemlml-t5molgen_high_sim_0_71,chemlml-t5+molgen-high-71,t5molgen_gen_ens,6.576250376011501e-05,C[C@H]1C[C@@H]([C@@H]([C@H](/C=C(/[C@@H]([C@H](/C=C\C=C(\C(=O)NC2=CC(=O)[C@H](OC1C2=O)C=C)/C)OC)OC(=O)N)\C)C)O)OC
chemlml-t5molgen_high_sim_0_19,chemlml-t5+molgen-high-19,t5molgen_gen_ens,5.998896116354808e-05,C[C@H]1C[C@@H]([C@@H]([C@H](/C=C(/[C@@H]([C@H](/C=C\C=C(\C(=O)NC2=CC(=O)[C@H](N(C1)C2=O)C=C)/C)OC)OC(=O)C)\C)C)O)OC
chemlml-t5molgen_high_sim_0_14,chemlml-t5+molgen-high-14,t5molgen_gen_ens,2.147778280167424e-05,C[C@@H]1CC(=O)C2CC[NH+](C=C2)[C@@H]3C=CC(=O)C=C(C3=O)NC(=O)/C(=C/C=C\[C@H](/C(=C/[C@@H]([C@@H]1O)C)/C)OC)/C
chemlml-t5molgen_high_sim_0_58,chemlml-t5+molgen-high-58,t5molgen_gen_ens,1.8433741223438403e-05,C[C@H]1C[C@@H]([C@@H]([C@H](/C=C(/[C@@H]([C@H](/C=C\C=C(\C(=O)NC2=CC(=O)C(=C(C1)C2=O)[NH2+]CC=C)/C)OC)OC(=O)C)\C)C)O)OC
chemlml-t5molgen_high_sim_0_89,chemlml-t5+molgen-high-89,t5molgen_gen_ens,1.0607899484192437e-05,C[C@H]1C[C@@H]([C@@H]([C@H](/C=C(/[C@@H]([C@H]([C@H](/C=C\C=C(\C(=O)NC2=C=CC1C=C2[NH2+]CC=C)/C)OC)OC(=O)N)O)\C)C)O)OC
chemlml-t5molgen_high_sim_0_68,chemlml-t5+molgen-high-68,t5molgen_gen_ens,3.899107113822123e-06,C[C@H]1/C=C(/[C@@H]([C@H](/C=C\C=C(\C(=O)NC2=CC(=O)[C@H](C(C2=O)[NH2+]C[C@@]([C@H]([C@H]1O)C)(C)O)C=C)/C)OC)OC(=O)N)\C
chemlml-t5molgen_high_sim_0_16,chemlml-t5+molgen-high-16,t5molgen_gen_ens,3.1229922909052844e-06,C[C@H]1C[C@@H]([C@@H]([C@H](/C=C(/[C@@H]([C@H](/C=C\C=C(\C(=O)NC2=CC(=O)C(=CC1C2)[NH2+]CC=C)/C)OC)OCN=O)\C)C)O)OC
chemlml-t5molgen_high_sim_0_34,chemlml-t5+molgen-high-34,t5molgen_gen_ens,2.613655091399235e-06,C[C@H]1CC[C@H]2C=C=C(CO2)NC(=O)/C(=C/C=C\[C@@H]([C@H](/C(=C/[C@@H]([C@H]([C@H](C1)OC)O)C)/C)OC(=O)C)OC)/C
chemlml-t5molgen_high_sim_0_15,chemlml-t5+molgen-high-15,t5molgen_gen_ens,1.995372325934614e-06,C[C@H]1/C=C(/[C@@H]([C@H]([C@H](/C=C\C=C(\C(=O)NC2=CC(=O)C/C(=C/[NH2+][C@@H]([C@@H]1O)C)/C2=O)/C)OC)OC(=O)N)O)\C
chemlml-t5molgen_high_sim_0_74,chemlml-t5+molgen-high-74,t5molgen_gen_ens,3.3930509450417294e-07,C[C@H]1C[C@@H]([C@@H]([C@H](/C=C(/[C@@H]([C@H]([C@H](/C=C\C=C(\C(=O)N2N(C=C(C1)CO2)CC=C)/C)OC)OC(=O)N)O)\C)C)O)OC
chemlml-t5molgen_medium_sim_0_15,chemlml-t5+molgen-medium-15,t5molgen_gen_ens,0.0099082885109876,C1[C@@H](C(=NC1=N[N+]2=C(NC2=O)C=NC=CC(=O)N)COP(=O)([O-])[O-])O
chemlml-t5molgen_medium_sim_0_28,chemlml-t5+molgen-medium-28,t5molgen_gen_ens,0.009887269519991,C([C@@H]1[C@H]([C@H](C(=[NH+]C=[NH+]N=C(C=NC=CC(=O)N)F)N1)O)O)OP(=O)([O-])[O-]
chemlml-t5molgen_medium_sim_0_0,chemlml-t5+molgen-medium-0,t5molgen_gen_ens,0.0097554006978968,c1c[n+](c(cn1)C(=O)N)N=CN(C[NH+]=CN)[C@@H]2[C@@H]([C@@H]([C@H](O2)COP(=O)([O-])[O-])O)O
chemlml-t5molgen_medium_sim_0_40,chemlml-t5+molgen-medium-40,t5molgen_gen_ens,0.0096626302368133,C1[C@@H](C(=NC1=N[N+](=CC=NC=CC(=O)N)C=C[NH3+])COP(=O)([O-])[O-])O
chemlml-t5molgen_medium_sim_0_88,chemlml-t5+molgen-medium-88,t5molgen_gen_ens,0.0096231331582659,C([C@@H]1[C@H]([C@H](C(=[NH+]C=[NH+]C=C(C=NC=CC(=O)N)Cl)N1)O)O)OP(=O)([O-])[O-]
chemlml-t5molgen_medium_sim_0_57,chemlml-t5+molgen-medium-57,t5molgen_gen_ens,0.0087309290803312,C([C@@H]1[C@H]([C@H]([C@H](O1)N(C=C2[C@@H]([C@H](C(=O)N2)O)O)C=[NH+]CC(=O)N)O)O)OP(=O)([O-])[O-]
chemlml-t5molgen_medium_sim_0_51,chemlml-t5+molgen-medium-51,t5molgen_gen_ens,0.0084703159120284,c1c[n+](c(cn1)C(=O)N)N=CN[C@@H]2[C@@H]([C@@H]([C@H](O2)COP(=O)([O-])[O-])O)O
chemlml-t5molgen_medium_sim_0_16,chemlml-t5+molgen-medium-16,t5molgen_gen_ens,0.00843209466837,c1c([nH]cn1)N(C=N[N+]2=CC=NC2=CC(=O)N)[C@@H]3[C@@H]([C@@H]([C@H](O3)COP(=O)([O-])[O-])O)O
chemlml-t5molgen_medium_sim_0_84,chemlml-t5+molgen-medium-84,t5molgen_gen_ens,0.0082806582646015,C1[C@@H](C(=NC1=[NH+]C(=[NH+]C=N[N+]2=CC=NC2=CC(=O)N)C=C[NH3+])COP(=O)([O-])[O-])O
chemlml-t5molgen_medium_sim_0_38,chemlml-t5+molgen-medium-38,t5molgen_gen_ens,0.0077852541168846,c1c[n+](c(cn1)C(=O)N)N=CN(CNC2=[NH+]CC(=O)N2)[C@@H]3[C@@H]([C@@H]([C@H](O3)COP(=O)([O-])[O-])O)O
chemlml-t5molgen_medium_sim_0_76,chemlml-t5+molgen-medium-76,t5molgen_gen_ens,0.0076172288638404,c1cncc(c1[NH+]=C2[C@@H]([C@@H]([C@H](N2)COP(=O)([O-])[O-])O)O)C(=O)N
chemlml-t5molgen_medium_sim_0_78,chemlml-t5+molgen-medium-78,t5molgen_gen_ens,0.0074994287374674,c1c[n+](c(cn1)C(=O)N)N=C2C[C@@H]([C@H](N2)COP(=O)([O-])[O-])O
chemlml-t5molgen_medium_sim_0_99,chemlml-t5+molgen-medium-99,t5molgen_gen_ens,0.0072287430760945,c1c[n+](c(cn1)C(=O)N)N=C2[C@@H]([C@@H]([C@H](N2)COP(=O)([O-])[O-])O)O
chemlml-t5molgen_medium_sim_0_46,chemlml-t5+molgen-medium-46,t5molgen_gen_ens,0.0070632337474569,C([C@@H]1[C@H]([C@H]([C@@H](O1)NC=[NH+]C=N[NH+]=C(C=NC=CC(=O)N)N)O)O)OP(=O)([O-])[O-]
chemlml-t5molgen_medium_sim_0_13,chemlml-t5+molgen-medium-13,t5molgen_gen_ens,0.0069671746760509,C=CC(=NC=[NH+][C@@H]1[C@H]([C@H](C#CC1=NC=CC(=O)N)O)O)COP(=O)([O-])[O-]
chemlml-t5molgen_medium_sim_0_55,chemlml-t5+molgen-medium-55,t5molgen_gen_ens,0.0066732972938101,B(CC=NC=CC(=O)N)([C@@H]([C@H]1Nc2c(cnc(n2)N)[NH+]=CN1[C@H]3[C@@H]([C@@H]([C@H](O3)COP(=O)([O-])[O-])O)O)O)O
chemlml-t5molgen_medium_sim_0_83,chemlml-t5+molgen-medium-83,t5molgen_gen_ens,0.0065082802245879,c1c[n+](c(cn1)C(=O)N)N=CN(C[NH+]=CN)[C@H]2[C@@H]([C@@H]([C@H](O2)COP(=O)([O-])[O-])O)O
chemlml-t5molgen_medium_sim_0_81,chemlml-t5+molgen-medium-81,t5molgen_gen_ens,0.0061680956046528,c1c[n+](c(cn1)C(=O)N)N=C2[C@@H]([C@@H]([C@H](N2)COP(=O)([O-])[O-])O)n3cncn3
chemlml-t5molgen_medium_sim_0_80,chemlml-t5+molgen-medium-80,t5molgen_gen_ens,0.0061299702989855,C1=NC(=CC(=O)N)[N+](=C1)N=C2[C@@H]([C@@H]([C@H](N2)COP(=O)([O-])[O-])O)O
chemlml-t5molgen_medium_sim_0_50,chemlml-t5+molgen-medium-50,t5molgen_gen_ens,0.0060254013574059,c1c([n+]2c(cn1)n(cn2)[C@@H]3[C@@H]([C@@H]([C@H](O3)COP(=O)([O-])[O-])O)O)C(=O)N
chemlml-t5molgen_medium_sim_0_87,chemlml-t5+molgen-medium-87,t5molgen_gen_ens,0.0059728661243303,c1cncc(c1[NH+]=CN(CNC=[NH+]C2=CNC2=O)[C@@H]3[C@@H]([C@@H]([C@H](O3)COP(=O)([O-])[O-])O)O)C(=O)N
chemlml-t5molgen_medium_sim_0_10,chemlml-t5+molgen-medium-10,t5molgen_gen_ens,0.0059120854477106,C1=C(N(C=[NH+]C=N[NH+]=C(C=N1)N)[C@H]2[C@@H]([C@@H]([C@H](O2)COP(=O)([O-])[O-])O)O)C(=O)N
chemlml-t5molgen_medium_sim_0_62,chemlml-t5+molgen-medium-62,t5molgen_gen_ens,0.0058004002289676,c1c[n+](c(cn1)C(=O)N)N=C2C=NCN2[C@H]3[C@@H]([C@@H]([C@H](O3)COP(=O)([O-])[O-])O)O
chemlml-t5molgen_medium_sim_0_59,chemlml-t5+molgen-medium-59,t5molgen_gen_ens,0.005784606943076,c1n[n+]2c(n1[C@@H]3[C@@H]([C@@H]([C@H](O3)COP(=O)([O-])[O-])O)O)C=NC2=CC(=O)N
chemlml-t5molgen_medium_sim_0_25,chemlml-t5+molgen-medium-25,t5molgen_gen_ens,0.0055880214929266,C=CCO[C@@H]1[C@@H]([C@H](O[C@@H]1[C@@H]2NC=N[n+]3ccncc3C(=O)N2)COP(=O)([O-])[O-])O
chemlml-t5molgen_medium_sim_0_23,chemlml-t5+molgen-medium-23,t5molgen_gen_ens,0.0055267010013193,C1[C@@H](C(=NC1=N[N+]2=CC=NC(=CC(=O)N)C(=C2)[NH3+])COP(=O)([O-])[O-])O
chemlml-t5molgen_medium_sim_0_32,chemlml-t5+molgen-medium-32,t5molgen_gen_ens,0.0053472965993288,COC(=O)C(=C[NH+]=C[NH+]=CN=C[C@H]([C@@H](CO)O)O)C=NC=CC(=O)N
chemlml-t5molgen_medium_sim_0_7,chemlml-t5+molgen-medium-7,t5molgen_gen_ens,0.0050988284283349,C=COC(=O)C(=NC=N[N+]1=CC=NC=CC(=O)N1)COP(=O)([O-])[O-]
chemlml-t5molgen_medium_sim_0_70,chemlml-t5+molgen-medium-70,t5molgen_gen_ens,0.0049124760304599,C([C@@H]1[C@H]([C@H]([C@@H](O1)N(C[C@H](COP(=O)([O-])[O-])O)C=[NH+]CC(=O)N)O)O)OP(=O)([O-])[O-]
chemlml-t5molgen_medium_sim_0_31,chemlml-t5+molgen-medium-31,t5molgen_gen_ens,0.0046773484945355,C=CN(C=[NH+]c1ccncc1C(=O)N)[C@H]2[C@@H]([C@@H]([C@H](O2)COP(=O)([O-])[O-])O)O
chemlml-t5molgen_medium_sim_0_64,chemlml-t5+molgen-medium-64,t5molgen_gen_ens,0.0044845601243015,c1c2c3=CN(C=N[n+]2c(cn1)c(=O)[nH][nH]3)[C@@H]4[C@@H]([C@@H]([C@H](O4)COP(=O)([O-])[O-])O)O
chemlml-t5molgen_medium_sim_0_34,chemlml-t5+molgen-medium-34,t5molgen_gen_ens,0.004332281612301,C=CN(C=N[n+]1ccncc1C(=O)N)[C@H]2[C@@H]([C@@H]([C@H](O2)COP(=O)([O-])[O-])O)O
chemlml-t5molgen_medium_sim_0_12,chemlml-t5+molgen-medium-12,t5molgen_gen_ens,0.0038240803058999,C=CCO[C@@H]1[C@@H]([C@H](O[C@H]1[C@@H]2NC=N[n+]3ccncc3C(=O)N2)COP(=O)([O-])[O-])O
chemlml-t5molgen_medium_sim_0_8,chemlml-t5+molgen-medium-8,t5molgen_gen_ens,0.0036308061585479,c1c[n+](c(cn1)C(=O)N)N=CN2[C@@H](C[C@H]([C@H]2O)O)COP(=O)([O-])[O-]
chemlml-t5molgen_medium_sim_0_66,chemlml-t5+molgen-medium-66,t5molgen_gen_ens,0.0035638956047535,c1n[n+]2c(n1[C@H]3[C@@H]([C@@H]([C@H](O3)COP(=O)([O-])[O-])O)O)C=NC2=CC(=O)N
chemlml-t5molgen_medium_sim_0_96,chemlml-t5+molgen-medium-96,t5molgen_gen_ens,0.0032252238093965,C[C@H]([C@@H](C[NH+]=CNC[C@@H]1C(=O)N1)O)O
chemlml-t5molgen_medium_sim_0_29,chemlml-t5+molgen-medium-29,t5molgen_gen_ens,0.0028736314323208,C1NN=C(C=NC=C(N(C=[NH+]1)[C@H]2[C@@H]([C@@H]([C@H](O2)COP(=O)([O-])[O-])O)O)C(=O)N)N
chemlml-t5molgen_medium_sim_0_1,chemlml-t5+molgen-medium-1,t5molgen_gen_ens,0.0024890648102821,c1c[n+](c(cn1)C(=O)N)N=C2[C@@H]([C@@H]([C@H](N2)COP(=O)([O-])[O-])O)OCO[C@H](COP(=O)([O-])[O-])C(=O)[O-]
chemlml-t5molgen_medium_sim_0_4,chemlml-t5+molgen-medium-4,t5molgen_gen_ens,0.0018249976144141,C=COP(=O)OC[C@H]([C@H]([C@H](CN[N+]1=CC=NC=CC(=O)N1)O)O)O
chemlml-t5molgen_medium_sim_0_56,chemlml-t5+molgen-medium-56,t5molgen_gen_ens,0.0016001027023814,C1=NC(=CC(=O)N)[NH+](N=C1N)[C@H]2[C@@H]([C@@H]([C@H](O2)COP(=O)([O-])[O-])O)O
chemlml-t5molgen_medium_sim_0_49,chemlml-t5+molgen-medium-49,t5molgen_gen_ens,0.0013300754439367,c1c(c2c(cn1)n(cn2)[C@H]3[C@@H]([C@@H]([C@H](O3)COP(=O)([O-])[O-])O)O)C(=O)N
chemlml-t5molgen_medium_sim_0_93,chemlml-t5+molgen-medium-93,t5molgen_gen_ens,0.0003195452500188,C1[C@H](N([C@@H]([C@@H]1O)O)C=N[N+]2=CC=NC2=CC(=O)N)COP(=O)([O-])[O-]
chemlml-t5molgen_low_sim_0_96,chemlml-t5+molgen-low-96,t5molgen_gen_ens,0.0101256646631434,CC(=C[NH3+])C=CCCC1=CC(C(=C1)C=CNC=CC2CC=CC2)[NH3+]
chemlml-t5molgen_low_sim_0_83,chemlml-t5+molgen-low-83,t5molgen_gen_ens,0.0096541988841501,CC=CC=CCCC[C@H](C=CNC=CC(=CC(=C)[NH3+])C)[NH3+]
chemlml-t5molgen_low_sim_0_70,chemlml-t5+molgen-low-70,t5molgen_gen_ens,0.0086165945374127,CC1=CC=C(C(=C[C@@H](CCC[C@@H]2CC=C=CC(=[NH+]2)N)[NH3+])NC=C1)[NH3+]
chemlml-t5molgen_low_sim_0_29,chemlml-t5+molgen-low-29,t5molgen_gen_ens,0.0082260771477323,CC1=CC=C(C(=C[C@@H](CCC[C@@H]2CC=CCC(=[NH+]2)N)[NH3+])NC=C1)[NH3+]
chemlml-t5molgen_low_sim_0_20,chemlml-t5+molgen-low-20,t5molgen_gen_ens,0.0076391232057036,CC=CC[C@@H](CCC[C@H](C=C1CC(=CC=C[NH3+])C=CN1)[NH3+])OC
chemlml-t5molgen_low_sim_0_19,chemlml-t5+molgen-low-19,t5molgen_gen_ens,0.0073714747424446,CC=CC1[C@H]([C@@H]1[NH3+])c2cncc(c2O)C[NH+]3CCC=CC(=CC3)C
chemlml-t5molgen_low_sim_0_30,chemlml-t5+molgen-low-30,t5molgen_gen_ens,0.0070776334078876,CC=C[C@H](C(=O)NC=CN=CC=CC(=C)[NH+](C)CC(=O)C1=C[NH+]=CNC1=C)O
chemlml-t5molgen_low_sim_0_35,chemlml-t5+molgen-low-35,t5molgen_gen_ens,0.0068655851955368,CCN(C)c1cccc(c1)C=c2c(=CC(=O)CN(C)c3cccc(c3)C(=O)NC=C)nc[nH]2
chemlml-t5molgen_low_sim_0_32,chemlml-t5+molgen-low-32,t5molgen_gen_ens,0.0066269329724851,CC=CC[C@@H](C=Cc1c[nH+]c([nH]1)C=C2C(=C(C=CN2)C)[NH3+])N=O
chemlml-t5molgen_low_sim_0_89,chemlml-t5+molgen-low-89,t5molgen_gen_ens,0.0065249767437533,Cc1cc-2n(cc2[nH]c1)C(=O)[C@H](C)NC(=O)C[C@@H]3CC=CCC(=C3)[NH3+]
chemlml-t5molgen_low_sim_0_80,chemlml-t5+molgen-low-80,t5molgen_gen_ens,0.0061765568115036,CC1C(=C[NH2+]CC[C@@H]2CC=CC[C@H]2[NH3+])c3ccccc3C(=C1[NH3+])I
chemlml-t5molgen_low_sim_0_27,chemlml-t5+molgen-low-27,t5molgen_gen_ens,0.0060687169421833,CC=C1C[C@H]([C@@H]1[NH3+])CCC[C@H](C=C2CC(=C(C=C)[NH3+])C=CN2)[NH3+]
chemlml-t5molgen_low_sim_0_66,chemlml-t5+molgen-low-66,t5molgen_gen_ens,0.0058349676228578,CC(C)(c1cc([nH]c1)NC=C[C@@H](CCC[C@@H]2CC=CC[C@H]2[NH3+])[NH3+])[NH3+]
chemlml-t5molgen_low_sim_0_67,chemlml-t5+molgen-low-67,t5molgen_gen_ens,0.0057169419387131,CC=C1C[C@H](O[C@@H]1[NH3+])CCC[C@@H]2CC[NH+]3CC(=C4C3=C2C=C[NH2+]C4)C(C)(C)C
chemlml-t5molgen_low_sim_0_2,chemlml-t5+molgen-low-2,t5molgen_gen_ens,0.0056555877473006,CC=C1C[C@H]2c3c(c(cnc3N2C1)C[NH2+][C@H](C)[C@@H](C=O)N)O
chemlml-t5molgen_low_sim_0_11,chemlml-t5+molgen-low-11,t5molgen_gen_ens,0.0046848114045495,CC=CC[C@@H](C=CNC=C1C=C2NC3C1=CC(=C3)CC[NH+]2C)NN
chemlml-t5molgen_low_sim_0_17,chemlml-t5+molgen-low-17,t5molgen_gen_ens,0.0045981517386366,CC(C)(C)c1cc([nH]c1)NC=C[C@@H](CCC[C@@H]2CC=CC[C@H]2[NH3+])[NH3+]
chemlml-t5molgen_low_sim_0_86,chemlml-t5+molgen-low-86,t5molgen_gen_ens,0.0042961009820536,CC=CC(=O)c1cc(cnc1)N(C)CC(=O)C2=C[NH+]=CNC2=CC=C
chemlml-t5molgen_low_sim_0_76,chemlml-t5+molgen-low-76,t5molgen_gen_ens,0.0040571244165989,C1CC(=CNC=C[C@@H]2CC=CCC(=[NH+]2)N)C3=CC(=CC3=O)CC(=C1)[NH3+]
chemlml-t5molgen_low_sim_0_3,chemlml-t5+molgen-low-3,t5molgen_gen_ens,0.0038579119206257,CC1=CC=CC2(C(=CC[C@@H]3CC=CC4C=C4[NH2+]3)NC=CC2(C1)C)[NH3+]
chemlml-t5molgen_low_sim_0_8,chemlml-t5+molgen-low-8,t5molgen_gen_ens,0.0037636644939485,C#CCCc1cncc(c1O)C(=O)CCC=N
chemlml-t5molgen_low_sim_0_53,chemlml-t5+molgen-low-53,t5molgen_gen_ens,0.0036681440386644,c1cc(cc(c1)NC=CC2C=C[C@@H]2CCC[C@@H]3CC=CC[C@H]3[NH3+])N
chemlml-t5molgen_low_sim_0_10,chemlml-t5+molgen-low-10,t5molgen_gen_ens,0.0036303374997495,CC=CC(=Cc1cc2[nH]c1[C@@]3(CC[NH2+]C2[C@@H]3C)C)C4[NH2+]C(=CC=CN4)c5ccccc5
chemlml-t5molgen_low_sim_0_31,chemlml-t5+molgen-low-31,t5molgen_gen_ens,0.0035375633045729,CC=CC(=C(C)C1=CC(=CNC=C1)C2CC=CC2)C
chemlml-t5molgen_low_sim_0_63,chemlml-t5+molgen-low-63,t5molgen_gen_ens,0.0035335763327752,CC1=CC[C@H]([C@@H]1[NH3+])CCC[C@H](C=C2Cc3cccc(c3)N2)[NH3+]
chemlml-t5molgen_low_sim_0_60,chemlml-t5+molgen-low-60,t5molgen_gen_ens,0.0030909633115724,CC(=CCC1=C(C(=C1)NC=C[C@@H](CCCC2CC=CC2)[NH3+])[NH3+])C
chemlml-t5molgen_low_sim_0_65,chemlml-t5+molgen-low-65,t5molgen_gen_ens,0.0016420559491917,C=CC=NC1=C[C@H]2N1[NH2+]CCC=CC2
chemlml-t5molgen_low_sim_0_94,chemlml-t5+molgen-low-94,t5molgen_gen_ens,0.001512022186529,CC=C1C[C@H](C[C@@H]1[NH3+])c2c(c3cnc2C(C3=O)CC[NH+](C)C)[O-]
chemlml-t5molgen_low_sim_0_73,chemlml-t5+molgen-low-73,t5molgen_gen_ens,0.0014704881832272,CC(C)(CCC=CC=CC=O)C=CNC=CC1CC=CC1
chemlml-t5molgen_low_sim_0_61,chemlml-t5+molgen-low-61,t5molgen_gen_ens,0.0013955906815663,CC=C1C[C@H]([NH2+]C[C@@H]1N)c2cncc(c2O)C(=CC=O)C(C)C
chemlml-t5molgen_low_sim_0_42,chemlml-t5+molgen-low-42,t5molgen_gen_ens,0.0013428056047937,CC1=CC[C@H]([NH2+]1)CCC2C=CC=C3CC(=C[C@@H]2[NH3+])NC=C3
chemlml-t5molgen_low_sim_0_33,chemlml-t5+molgen-low-33,t5molgen_gen_ens,0.0011328198821548,C[C@H]1[C@H](C=CC[C@@H]2CC=C[NH+]=C(C2)N=CC(=O)N1)[NH3+]
chemlml-t5molgen_low_sim_0_68,chemlml-t5+molgen-low-68,t5molgen_gen_ens,0.0007551232208786,CC=C[C@@H]1CC2[C@@]([C@H]1C=CNC=CC(C)C(=O)C)(CC[NH2+]2)C
chemlml-t5molgen_low_sim_0_75,chemlml-t5+molgen-low-75,t5molgen_gen_ens,0.0007534713334233,CC=C[C@@H]1CC2[C@@]([C@H]1Cc3c[nH]cc-4c(c(cc34)Cl)CC[NH3+])(CC[NH2+]2)C
chemlml-t5molgen_low_sim_0_55,chemlml-t5+molgen-low-55,t5molgen_gen_ens,0.0005770047103932,CC=CC[C@@H](C=CNC=C1C2=CC3=C(C(C1=NC3)C(C2)C)C)N=CC=O
chemlml-t5molgen_low_sim_0_51,chemlml-t5+molgen-low-51,t5molgen_gen_ens,0.0003827892030632,c1ccc2c(c1)c(=O)c3cncc(c3o2)[C@@H]4CC=C5[C@H]4[NH2+]CC5
chemlml-t5molgen_low_sim_0_72,chemlml-t5+molgen-low-72,t5molgen_gen_ens,0.00031940598738,CN1CC(=O)[C@@H](C=CNC(=O)c2cccc1c2)[NH+](C)C
chemlml-t5molgen_low_sim_0_15,chemlml-t5+molgen-low-15,t5molgen_gen_ens,0.0003119193922427,CC(C)(C)c1cc2c([nH]1)cc(=C[NH3+])c(=CN3CCC=C[C@H](C3=O)O)n2
chemlml-t5molgen_low_sim_0_4,chemlml-t5+molgen-low-4,t5molgen_gen_ens,0.0002784764989351,CC=CC[C@@H](C=C1C2=C3COCCC(C3=C(N1)[NH2+]C2)(C)C)c4cccnc4
chemlml-t5molgen_low_sim_0_71,chemlml-t5+molgen-low-71,t5molgen_gen_ens,0.0001810880102142,C/C=C/C1C=C2C(=CC(=CN2)c3cccc(c3)N)CC=N1
chemlml-t5molgen_low_sim_0_26,chemlml-t5+molgen-low-26,t5molgen_gen_ens,0.0001164364540511,CC1=CC[C@H](C1)CCC[C@@H]2[C@@H](C=CC=CNN2)Cc3ccncc3
chemlml-t5molgen_low_sim_0_56,chemlml-t5+molgen-low-56,t5molgen_gen_ens,4.541866826297611e-05,CC1=CC[C@H]([NH2+]C2=CC=CC(C2)[NH+]=CN1)c3cncc(c3O)C(=O)[C@@H](C)CCC[NH3+]
chemlml-t5molgen_low_sim_0_93,chemlml-t5+molgen-low-93,t5molgen_gen_ens,2.1469932423353837e-05,CC=CC[C@@H](C=C1C(=O)C(C=CN1)CF)C(=O)[O-]
chemlml-t5molgen_low_sim_0_59,chemlml-t5+molgen-low-59,t5molgen_gen_ens,9.333466273562784e-06,CC=CC(=O)c1cnc2c3c1C(=O)C=NC[C@@]2(C(=O)CN3C)C
chemlml-t5molgen_low_sim_0_84,chemlml-t5+molgen-low-84,t5molgen_gen_ens,6.959035131367921e-06,C[C@@]12CCC=CNC3=CC4(CC=C[C@@H]1CC[NH2+]CC4C2=O)C=CC=C(N3)[NH3+]
chemlml-t5molgen_low_sim_0_77,chemlml-t5+molgen-low-77,t5molgen_gen_ens,5.266583554415621e-06,CN1CC(=O)N=CC=CNC=CC2(C=CC=C([NH2+]2)N)C=CNC(=O)c3cccc1c3
chemlml-t5molgen_low_sim_0_0,chemlml-t5+molgen-low-0,t5molgen_gen_ens,3.4833006213595585e-06,CCC1=CCC2C(=O)C=N[C@H](C=C3C(C2(C1=CN3)C)[NH3+])CC=CC
chemlml-t5molgen_low_sim_0_48,chemlml-t5+molgen-low-48,t5molgen_gen_ens,3.262441487076214e-06,CC=CC(=O)C=C1C2(C=CNC3=CC(C(=CC=C32)[NH3+])C)C4=CC(=[NH+]1)NC=C4
chemlml-t5molgen_low_sim_0_24,chemlml-t5+molgen-low-24,t5molgen_gen_ens,2.442087380985312e-06,CC=C[C@@H]1C2C[NH2+]CCC(=O)[C@@]1(CCNC2=O)C
chemlml-t5molgen_low_sim_0_1,chemlml-t5+molgen-low-1,t5molgen_gen_ens,1.0959076667277009e-06,CC=C1c2c(cncc2N(CCC(=O)N1)C)N=CC
chemlml-t5molgen_low_sim_0_49,chemlml-t5+molgen-low-49,t5molgen_gen_ens,5.811090176526073e-07,C[C@]12CC[NH2+]C1C[C@@H]3[C@@H]2C4=CNC=CC5(C4=CCC=C3)C=CC=C([NH2+]5)N
chemlml-t5molgen_low_sim_0_52,chemlml-t5+molgen-low-52,t5molgen_gen_ens,9.370299291399403e-10,CC=CCF
chemlml-t5molgen_high_sim_1_15,llm_gen_ens_high_sim_1_15,t5molgen_gen_ens,0.0114329484028349,C[C@H](N[C@@H](CCc1ccccc1)C(=O)O)C(=O)N1CCC[C@H]1C(=O)OOC1C[C@@H](C(=O)O)C1Cc1ccccc1
chemlml-t5molgen_high_sim_1_22,llm_gen_ens_high_sim_1_22,t5molgen_gen_ens,0.011248181813375,C[C@H](N[C@@H](CCc1ccccc1)C(=O)O)C(=O)N1CCC[C@H]1C(=O)OOC1C[C@@H](C(=O)O)C1Cc1ccccc1
chemlml-t5molgen_high_sim_1_50,llm_gen_ens_high_sim_1_50,t5molgen_gen_ens,0.0112095212056876,C[C@H](N[C@@H](CCc1ccccc1)C(=O)O)C(=O)N1CCC[C@H]1C(=O)OOC1C[C@@H](C(=O)O)C1Cc1ccccc1
chemlml-t5molgen_high_sim_1_17,llm_gen_ens_high_sim_1_17,t5molgen_gen_ens,0.0104526681236029,C[C@H](N[C@@H](CCc1ccccc1)C(=O)O)C(=O)N1CCC[C@H]1C(=O)OOC1C=Cc2ccccc2C1=O
chemlml-t5molgen_high_sim_1_24,llm_gen_ens_high_sim_1_24,t5molgen_gen_ens,0.0102603563493961,C=C[C@H](C)C=CC1CC=CC(OOC(=O)[C@@H]2CCCN2C(=O)[C@H](C)N[C@@H](CCc2ccccc2)C(=O)O)C1
chemlml-t5molgen_high_sim_1_56,llm_gen_ens_high_sim_1_56,t5molgen_gen_ens,0.0102194314104795,C[C@H](N[C@@H](CCc1ccccc1)C(=O)O)C(=O)N1CCC[C@H]1C(=O)OOC1(Cc2ccccc2)C[C@H]1C(=O)O
chemlml-t5molgen_high_sim_1_64,llm_gen_ens_high_sim_1_64,t5molgen_gen_ens,0.0101136313649372,CC=CCC1=CC=C2CCC(OOC(=O)[C@@H]3CCCN3C(=O)[C@H](C)N[C@@H](CCc3ccccc3)C(=O)O)=C1C2C(=O)O
chemlml-t5molgen_high_sim_1_74,llm_gen_ens_high_sim_1_74,t5molgen_gen_ens,0.0100654825344564,C[C@H](N[C@@H](CCc1ccccc1)C(=O)O)C(=O)N1CCC[C@H]1C(=O)OC1C[C@@H](C(=O)O)C1Cc1ccccc1
chemlml-t5molgen_high_sim_1_63,llm_gen_ens_high_sim_1_63,t5molgen_gen_ens,0.0100203429125888,C[C@H](N[C@@H](CCc1ccccc1)C(=O)O)C(=O)N1CCC[C@H]1C(=O)OO[C@@H](C=O)CC1C=CC=C[C@@H]1C
chemlml-t5molgen_high_sim_1_29,llm_gen_ens_high_sim_1_29,t5molgen_gen_ens,0.0099024749702488,C[C@H](N[C@@H](CCc1ccccc1)C(=O)O)C(=O)N1CCC[C@H]1C(=O)OOC(CCc1ccccc1)C(=O)OS
chemlml-t5molgen_high_sim_1_54,llm_gen_ens_high_sim_1_54,t5molgen_gen_ens,0.0093532651951424,C[C@H](N[C@@H](CCc1ccccc1)C(=O)O)C(=O)N1CCC[C@H]1C(=O)ON[C@@H]1CSCc2ccccc21
chemlml-t5molgen_high_sim_1_71,llm_gen_ens_high_sim_1_71,t5molgen_gen_ens,0.0090944217493532,CC=CCC1=CC=CCCC(OOC(=O)[C@@H]2CCCN2C(=O)[C@H](C)N[C@@H](CCc2ccccc2)C(=O)O)=C1C(=O)O
chemlml-t5molgen_high_sim_1_92,llm_gen_ens_high_sim_1_92,t5molgen_gen_ens,0.0090647693148313,C[C@H](N[C@@H](CCc1ccccc1)C(=O)O)C(=O)N1CCC[C@H]1C(=O)OOC1(CCOCC#N)SC[C@H]1C(=O)O
chemlml-t5molgen_high_sim_1_9,llm_gen_ens_high_sim_1_9,t5molgen_gen_ens,0.0089284039837903,C[C@H](N[C@@H](CCc1ccccc1)C(=O)O)C(=O)N1CCC[C@H]1C(=O)OOC1(O)CCc2ccccc2C1=O
chemlml-t5molgen_high_sim_1_85,llm_gen_ens_high_sim_1_85,t5molgen_gen_ens,0.0088060974280091,C[C@H](N[C@@H](CCc1ccccc1)C(=O)O)C(=O)N1CCC[C@H]1C(=O)OOC(CCc1ccccc1)C(=O)O
chemlml-t5molgen_high_sim_1_90,llm_gen_ens_high_sim_1_90,t5molgen_gen_ens,0.0086028404392874,C[C@H](N[C@@H](CCc1ccccc1)C(=O)O)C(=O)N1CCC[C@H]1C(=O)OOC(COc1ccccc1)C(=O)O
chemlml-t5molgen_high_sim_1_27,llm_gen_ens_high_sim_1_27,t5molgen_gen_ens,0.0085849727070146,C[C@H](N[C@@H](CCc1ccccc1)C(=O)O)C(=O)N1CCC[C@H]1C(=O)OOC(=O)CCC1=CC=CCC1
chemlml-t5molgen_high_sim_1_59,llm_gen_ens_high_sim_1_59,t5molgen_gen_ens,0.008445566208421,C[C@H](N[C@@H](CCc1ccccc1)C(=O)O)C(=O)N1CCC[C@H]1C(=O)OO[C@H]1CCCc2ccccc21
chemlml-t5molgen_high_sim_1_8,llm_gen_ens_high_sim_1_8,t5molgen_gen_ens,0.0084358169028556,C[C@H](N[C@@H](CCc1ccccc1)C(=O)O)C(=O)N1CCC[C@H]1C(=O)OO[C@@H](C=O)C(=O)OC1C=CC=C[C@@H]1C
chemlml-t5molgen_high_sim_1_98,llm_gen_ens_high_sim_1_98,t5molgen_gen_ens,0.0083999607817665,C=CCC1NC(=O)[C@@H](O)CC(OOOC(=O)[C@@H]2CCCN2C(=O)[C@H](C)N[C@@H](CCc2ccccc2)C(=O)O)C=C1C(=O)O
chemlml-t5molgen_high_sim_1_47,llm_gen_ens_high_sim_1_47,t5molgen_gen_ens,0.0082899661793162,C=C[C@H](O)C1=CCCC(OOC(=O)[C@@H]2CCCN2C(=O)[C@H](C)N[C@@H](CCc2ccccc2)C(=O)O)C=C1C(=O)O
chemlml-t5molgen_high_sim_1_68,llm_gen_ens_high_sim_1_68,t5molgen_gen_ens,0.0081048203288759,C[C@H](N[C@@H](CCc1ccccc1)C(=O)O)C(=O)N1CCC[C@H]1C(=O)OOC(O)CCc1ccccc1C=O
chemlml-t5molgen_high_sim_1_53,llm_gen_ens_high_sim_1_53,t5molgen_gen_ens,0.0080422824223779,C[C@H](N[C@@H](CCc1ccccc1)C(=O)O)C(=O)N1CCC[C@H]1C(=O)OOC(C=O)Cc1ccccc1
chemlml-t5molgen_high_sim_1_62,llm_gen_ens_high_sim_1_62,t5molgen_gen_ens,0.0079342765593137,C[C@H](N[C@@H](CCc1ccccc1)C(=O)O)C(=O)N1CCC[C@H]1C(=O)OOC(CCc1ccccc1)C(=O)O
chemlml-t5molgen_high_sim_1_95,llm_gen_ens_high_sim_1_95,t5molgen_gen_ens,0.0078738841927983,C[C@H](N[C@@H](CCc1ccccc1)C(=O)O)C(=O)N1CCC[C@H]1C(=O)OOC(C=O)CCc1ccccc1
chemlml-t5molgen_high_sim_1_58,llm_gen_ens_high_sim_1_58,t5molgen_gen_ens,0.0078090752631959,C[C@H](N[C@@H](CCc1ccccc1)C(=O)O)C(=O)N1CCC[C@H]1C(=O)OOC(C=O)/C=C\c1ccccc1
chemlml-t5molgen_high_sim_1_18,llm_gen_ens_high_sim_1_18,t5molgen_gen_ens,0.0077858485892398,C[C@H](N[C@@H](CCc1ccccc1)C(=O)O)C(=O)N1CCC[C@H]1C(=O)OOC(Cc1ccccc1)C(=O)O
chemlml-t5molgen_high_sim_1_77,llm_gen_ens_high_sim_1_77,t5molgen_gen_ens,0.007722641175926,C[C@H](N[C@@H](CCc1ccccc1)C(=O)O)C(=O)N1CCC[C@H]1C(=O)OOC(CC(=O)O)C[C@@H](O)C(=O)O
chemlml-t5molgen_high_sim_1_28,llm_gen_ens_high_sim_1_28,t5molgen_gen_ens,0.0076985978696055,C[C@H](N[C@@H](CCc1ccccc1)C(=O)O)C(=O)N1CCC[C@H]1C(=O)OO[C@@H](C(=O)O)C(=O)OCc1ccccc1
chemlml-t5molgen_high_sim_1_97,llm_gen_ens_high_sim_1_97,t5molgen_gen_ens,0.0074065902085847,C[C@H](N[C@@H](CCc1ccccc1)C(=O)O)C(=O)N1CCC[C@H]1C(=O)OO[C@@H](Cc1ccccc1)C(=O)O
chemlml-t5molgen_high_sim_1_30,llm_gen_ens_high_sim_1_30,t5molgen_gen_ens,0.0074065479103805,C[C@H](N[C@@H](CCc1ccccc1)C(=O)O)C(=O)N1CCC[C@H]1C(=O)OO[C@H](Cc1ccccc1)C(=O)O
chemlml-t5molgen_high_sim_1_46,llm_gen_ens_high_sim_1_46,t5molgen_gen_ens,0.0073208020128375,C[C@H](N[C@@H](CCc1ccccc1)C(=O)O)C(=O)N1CCC[C@H]1C(=O)OOOC1CCSc2ncccc2OC1
chemlml-t5molgen_high_sim_1_70,llm_gen_ens_high_sim_1_70,t5molgen_gen_ens,0.0072810625976276,C[C@H](N[C@@H](CCc1ccccc1)C(=O)O)C(=O)N1CCC[C@H]1C(=O)OOCCc1ccccc1C(=O)O
chemlml-t5molgen_high_sim_1_79,llm_gen_ens_high_sim_1_79,t5molgen_gen_ens,0.0066888515202923,C[C@H](N[C@@H](CCc1ccccc1)C(=O)O)C(=O)N1CCC[C@H]1C(=O)OONC(=O)[C@H](CCc1ccccc1)C(=O)O
chemlml-t5molgen_high_sim_1_32,llm_gen_ens_high_sim_1_32,t5molgen_gen_ens,0.0062414830584888,C[C@H](N[C@@H](CCc1ccccc1)C(=O)O)C(=O)N1CCC[C@H]1C(=O)OOC(C=O)/C=C\C(=O)O
chemlml-t5molgen_high_sim_1_44,llm_gen_ens_high_sim_1_44,t5molgen_gen_ens,0.0057666839032686,C[C@H](N[C@@H](CCc1ccccc1)C(=O)O)C(=O)N1CCC[C@H]1C(=O)OONC(=O)[C@H](CCc1ccccc1)C(=O)OS
chemlml-t5molgen_high_sim_1_57,llm_gen_ens_high_sim_1_57,t5molgen_gen_ens,0.0056038059302211,C[C@H](N[C@@H](CCc1ccccc1)C(=O)O)C(=O)N1CCC[C@H]1C(=O)OOCC(=O)O
chemlml-t5molgen_high_sim_1_11,llm_gen_ens_high_sim_1_11,t5molgen_gen_ens,0.0055991389128929,C[C@H](N[C@@H](CCc1ccccc1)C(=O)O)C(=O)N1CCC[C@H]1C(=O)O
chemlml-t5molgen_high_sim_1_5,llm_gen_ens_high_sim_1_5,t5molgen_gen_ens,0.0055765943296841,C[C@H](N[C@@H](CCc1ccccc1)C(=O)O)C(=O)N1CCC[C@H]1C(=O)OOC(CO)C(=O)O
chemlml-t5molgen_high_sim_1_37,llm_gen_ens_high_sim_1_37,t5molgen_gen_ens,0.0055232790426045,C[C@H](N[C@@H](CCc1ccccc1)C(=O)O)C(=O)N1CCC[C@H]1C(=O)OOCCCOC(=O)O
chemlml-t5molgen_high_sim_1_45,llm_gen_ens_high_sim_1_45,t5molgen_gen_ens,0.0054942844241586,C[C@H](N[C@@H](CCc1ccccc1)C(=O)O)C(=O)N1CCC[C@H]1C(=O)OOC(O)C(=O)O
chemlml-t5molgen_high_sim_1_80,llm_gen_ens_high_sim_1_80,t5molgen_gen_ens,0.0053659421657082,C[C@H](N[C@@H](CCc1ccccc1)C(=O)O)C(=O)N1CCC[C@H]1C(=O)OOC(CO)C(=O)[O-]
chemlml-t5molgen_high_sim_1_14,llm_gen_ens_high_sim_1_14,t5molgen_gen_ens,0.0052475595893275,C[C@H](N[C@@H](CCc1ccccc1)C(=O)O)C(=O)N1CCC[C@H]1C(=O)OOOC(O)C(=O)O
chemlml-t5molgen_high_sim_1_41,llm_gen_ens_high_sim_1_41,t5molgen_gen_ens,0.0051650156144038,C[C@H](N[C@@H](CCc1ccccc1)C(=O)O)C(=O)N1CCC[C@H]1C(=O)OONCc1ccccc1C(=O)O
chemlml-t5molgen_high_sim_1_93,llm_gen_ens_high_sim_1_93,t5molgen_gen_ens,0.0048439790518841,C[C@H](N[C@@H](CCc1ccccc1)C(=O)O)C(=O)N1CCC[C@H]1C(=O)OOC(CO)C(=O)OC[C@@H](Cc1ccccc1)C(=O)OS
chemlml-t5molgen_high_sim_1_7,llm_gen_ens_high_sim_1_7,t5molgen_gen_ens,0.0047760171117766,CCCOOC(=O)[C@@H]1CCCN1C(=O)[C@H](C)N[C@@H](CCc1ccccc1)C(=O)O
chemlml-t5molgen_high_sim_1_19,llm_gen_ens_high_sim_1_19,t5molgen_gen_ens,0.0046932396300972,C[C@H](N[C@@H](CCc1ccccc1)C(=O)O)C(=O)N1CCC[C@H]1C(=O)OOC(=O)/C=C/c1ccccc1
chemlml-t5molgen_high_sim_1_6,llm_gen_ens_high_sim_1_6,t5molgen_gen_ens,0.0046115860052651,CC(C)COOC(=O)[C@@H]1CCCN1C(=O)[C@H](C)N[C@@H](CCc1ccccc1)C(=O)O
chemlml-t5molgen_high_sim_1_78,llm_gen_ens_high_sim_1_78,t5molgen_gen_ens,0.0044829147003016,C[C@H](N[C@@H](CCc1ccccc1)C(=O)O)C(=O)N1CCC[C@H]1C(=O)OOCCCc1ccccc1
chemlml-t5molgen_high_sim_1_10,llm_gen_ens_high_sim_1_10,t5molgen_gen_ens,0.004438371484033,C[C@H](N[C@@H](CCc1ccccc1)C(=O)O)C(=O)N1CCC[C@H]1C(=O)OO[C@H](CO)C(=O)O
chemlml-t5molgen_high_sim_1_42,llm_gen_ens_high_sim_1_42,t5molgen_gen_ens,0.00413965710776,C[C@H](N[C@@H](CCc1ccccc1)C(=O)O)C(=O)N1CCC[C@H]1C(=O)OONCCS(=O)(=O)O
chemlml-t5molgen_high_sim_1_3,llm_gen_ens_high_sim_1_3,t5molgen_gen_ens,0.004074578176781,C[C@H](N[C@@H](CCc1ccccc1)C(=O)O)C(=O)N1CCC[C@H]1C(=O)OOCC(=O)NC1CSC[C@H]1C(=O)O
chemlml-t5molgen_high_sim_1_52,llm_gen_ens_high_sim_1_52,t5molgen_gen_ens,0.0039041823799551,C[C@H](N[C@@H](CCc1ccccc1)C(=O)O)C(=O)N1CCC[C@H]1C(=O)OOCCCO
chemlml-t5molgen_high_sim_1_20,llm_gen_ens_high_sim_1_20,t5molgen_gen_ens,0.0038943757671651,C[C@H](N[C@@H](CCc1ccccc1)C(=O)O)C(=O)N1CCC[C@H]1C(=O)OOC(CC(=O)O)C(=O)O
chemlml-t5molgen_high_sim_1_36,llm_gen_ens_high_sim_1_36,t5molgen_gen_ens,0.0038776775510367,C[C@H](N[C@@H](CCc1ccccc1)C(=O)O)C(=O)N1CCC[C@H]1C(=O)OOOCCCc1ccccc1
chemlml-t5molgen_high_sim_1_99,llm_gen_ens_high_sim_1_99,t5molgen_gen_ens,0.0036804463515875,C[C@H](N[C@@H](CCc1ccccc1)C(=O)O)C(=O)N1CCC[C@H]1C(=O)OOC(C=O)CC(=O)O
chemlml-t5molgen_high_sim_1_91,llm_gen_ens_high_sim_1_91,t5molgen_gen_ens,0.0036634711167852,C[C@H](N[C@@H](CCc1ccccc1)C(=O)O)C(=O)N1CCC[C@H]1C(=O)OONC(=O)C1=CC=C[C@@H]1C(=O)O
chemlml-t5molgen_high_sim_1_1,llm_gen_ens_high_sim_1_1,t5molgen_gen_ens,0.0036009333309913,C[C@H](N[C@@H](CCc1ccccc1)C(=O)O)C(=O)N1CCC[C@H]1C(=O)OOCCCc1ccccc1C(=O)OC(=O)O
chemlml-t5molgen_high_sim_1_43,llm_gen_ens_high_sim_1_43,t5molgen_gen_ens,0.0032602496085591,C[C@H](N[C@@H](CCc1ccccc1)C(=O)O)C(=O)N1CCC[C@H]1C(=O)OC(C)(C)C
chemlml-t5molgen_high_sim_1_88,llm_gen_ens_high_sim_1_88,t5molgen_gen_ens,0.0031468526960506,C[C@H](N[C@@H](CCc1ccccc1)C(=O)O)C(=O)N1CCC[C@H]1C(=O)OOC(=C=O)CCc1ccccc1
chemlml-t5molgen_high_sim_1_4,llm_gen_ens_high_sim_1_4,t5molgen_gen_ens,0.0027482078238691,C[C@H](N[C@@H](CCc1ccccc1)C(=O)O)C(=O)N1CCC[C@H]1C(=O)OONC(=O)/C=C\C(=O)O
chemlml-t5molgen_high_sim_1_66,llm_gen_ens_high_sim_1_66,t5molgen_gen_ens,0.0026171475881751,C[C@H](N[C@@H](CCc1ccccc1)C(=O)O)C(=O)N1CCC[C@H]1C(=O)OOO
chemlml-t5molgen_high_sim_1_83,llm_gen_ens_high_sim_1_83,t5molgen_gen_ens,0.0025583659086765,C[C@H](N[C@@H](CCc1ccccc1)C(=O)O)C(=O)N1CCC[C@H]1C(=O)OOCCCOC[C@H](C)C(=O)O
chemlml-t5molgen_high_sim_1_73,llm_gen_ens_high_sim_1_73,t5molgen_gen_ens,0.0024773295729508,C[C@H](N[C@@H](CCc1ccccc1)C(=O)O)C(=O)N1CCC[C@H]1C(=O)OOCCCOC[C@H](Cc1ccccc1)C(=O)O
chemlml-t5molgen_high_sim_1_13,llm_gen_ens_high_sim_1_13,t5molgen_gen_ens,0.0022913998788158,C[C@H](N[C@@H](CCc1ccccc1)C(=O)O)C(=O)N1CCC[C@H]1C(=O)OO
chemlml-t5molgen_high_sim_1_31,llm_gen_ens_high_sim_1_31,t5molgen_gen_ens,1.1331772101525268e-05,C[C@H](N[C@@H](C)C(=O)OC(=O)O)C(=O)NCc1ccccc1
chemlml-t5molgen_high_sim_2_35,llm_gen_ens_high_sim_2_35,t5molgen_gen_ens,0.0026461942944179,O=C1OC[C@H](Cc2ccc3c(c2)OCO3)[C@H]1Cc1cc2cc(c1)c(=CCO)o2
chemlml-t5molgen_high_sim_2_82,llm_gen_ens_high_sim_2_82,t5molgen_gen_ens,0.0017319821507875,O=COC1[C@H](C2C=C3CC=CNC3=C2O)[C@H]1Cc1ccc2c(c1)OCO2
chemlml-t5molgen_high_sim_2_20,llm_gen_ens_high_sim_2_20,t5molgen_gen_ens,0.0006241796405875,O=COc1cccc(C[C@H]2C(=O)OC[C@@H]2Cc2ccc3c(c2)OCO3)c1
chemlml-t5molgen_high_sim_2_3,llm_gen_ens_high_sim_2_3,t5molgen_gen_ens,0.0004980952472071,O=C1OC[C@H](Cc2ccc3c(c2)OCO3)[C@H]1Cc1ccc2cc(OCO)oc2c1
chemlml-t5molgen_high_sim_2_90,llm_gen_ens_high_sim_2_90,t5molgen_gen_ens,0.0004586366651588,C[C@]1(/C=C/Cc2ccc3c(c2)OCO3)C(OC=O)[C@@H]1Cc1ccc2c(c1)OCO2
chemlml-t5molgen_high_sim_2_74,llm_gen_ens_high_sim_2_74,t5molgen_gen_ens,0.0004203031129452,O=C1OC[C@H](C/C=C/c2cc3ccc2o3)[C@H]1Cc1ccc2c(c1)OCO2
chemlml-t5molgen_high_sim_2_41,llm_gen_ens_high_sim_2_41,t5molgen_gen_ens,0.0003108261018753,COc1cccc(/C=C/C2/C(=C/c3ccc4c(c3)OCO4)C(=O)OC2OC=O)c1
chemlml-t5molgen_high_sim_2_54,llm_gen_ens_high_sim_2_54,t5molgen_gen_ens,0.0002751689529159,O=C1OC[C@@H](Cc2ccc3c(c2)OCO3)[C@H]1Cc1ccc2c(c1)OCO2
chemlml-t5molgen_high_sim_2_11,llm_gen_ens_high_sim_2_11,t5molgen_gen_ens,0.0002275343219103,O=C1OC[C@H](Cc2ccc3c(c2)OCO3)[C@H]1C/C=C/c1ccc2c(c1)OCO2
chemlml-t5molgen_high_sim_2_32,llm_gen_ens_high_sim_2_32,t5molgen_gen_ens,0.0002026431797828,C=C1C=C(C=C/C=C/[C@H]2COC(=O)[C@@H]2Cc2ccc3c(c2)OCO3)OC1
chemlml-t5molgen_high_sim_2_12,llm_gen_ens_high_sim_2_12,t5molgen_gen_ens,0.0001815458385823,O=CC[C@@H](COC=O)[C@H]1C(=O)OC[C@@H]1Cc1ccc2c(c1)OCO2
chemlml-t5molgen_high_sim_2_83,llm_gen_ens_high_sim_2_83,t5molgen_gen_ens,0.0001639235455063,O=C1OC[C@H](Cc2ccc3c(c2)OCO3)[C@@H]1Cc1ccc2c(c1)OCO2
chemlml-t5molgen_high_sim_2_9,llm_gen_ens_high_sim_2_9,t5molgen_gen_ens,0.0001516909301111,O=CC[C@@H](COC=O)C[C@H]1COC(=O)[C@@H]1c1ccc2c(c1)OCO2
chemlml-t5molgen_high_sim_2_1,llm_gen_ens_high_sim_2_1,t5molgen_gen_ens,0.0001364901695445,O=C1OC[C@H](Cc2ccc3c(c2)OCO3)[C@H]1Cc1ccc2c(c1)OCO2
chemlml-t5molgen_high_sim_2_67,llm_gen_ens_high_sim_2_67,t5molgen_gen_ens,0.0001114274115766,O=COCC(Cc1ccc2c(c1)OCO2)Cc1ccc2c(c1)OCO2
chemlml-t5molgen_high_sim_2_78,llm_gen_ens_high_sim_2_78,t5molgen_gen_ens,0.0001082252273368,COc1cccc(C[C@H]2C(=O)OC[C@@H]2Cc2ccc3c(c2)OCO3)c1
chemlml-t5molgen_high_sim_2_8,llm_gen_ens_high_sim_2_8,t5molgen_gen_ens,0.0001063631237009,C=C1OCOC1=CC=CC[C@H]1COC(=O)[C@@H]1Cc1ccc2c(c1)OCO2
chemlml-t5molgen_high_sim_2_55,llm_gen_ens_high_sim_2_55,t5molgen_gen_ens,9.454665870867329e-05,COc1cccc(/C=N/CC(OC=O)OCC=CO)c1
chemlml-t5molgen_high_sim_2_36,llm_gen_ens_high_sim_2_36,t5molgen_gen_ens,8.677177234372793e-05,O=COC[C@H](CCCl)[C@H]1COC(=O)[C@@H]1Cc1ccc2c(c1)OCO2
chemlml-t5molgen_high_sim_2_26,llm_gen_ens_high_sim_2_26,t5molgen_gen_ens,8.028280270459987e-05,COCOc1cccc(C[C@@H](COC=O)OC=Cc2ccc3c(c2)OCO3)c1
chemlml-t5molgen_high_sim_2_87,llm_gen_ens_high_sim_2_87,t5molgen_gen_ens,7.806799723944335e-05,C[C@@H]1BC(=O)Oc2cccc(C[C@H]3C(=O)OC[C@@H]3Cc3ccc4c(c3)OCO4)c21
chemlml-t5molgen_high_sim_2_63,llm_gen_ens_high_sim_2_63,t5molgen_gen_ens,6.579167325443547e-05,O=C1OC[C@H](C2C=CC=C3OCOC3=C2)[C@H]1Cc1ccc2c(c1)OCO2
chemlml-t5molgen_high_sim_2_88,llm_gen_ens_high_sim_2_88,t5molgen_gen_ens,5.371305899604395e-05,O=COC[C@H](Cc1ccc2c(c1)OCO2)C(=O)c1ccc2c(c1)OCO2
chemlml-t5molgen_high_sim_2_33,llm_gen_ens_high_sim_2_33,t5molgen_gen_ens,5.049087789849465e-05,O=COC1[C@H](Cc2ccc3c(c2)OCO3)[C@H]1Cc1ccc2c(c1)OCO2
chemlml-t5molgen_high_sim_2_99,llm_gen_ens_high_sim_2_99,t5molgen_gen_ens,5.024702022404899e-05,O=COC[C@H](Cc1ccc2c(c1)OCO2)[C@H](O)c1ccc2c(c1)OCO2
chemlml-t5molgen_high_sim_2_71,llm_gen_ens_high_sim_2_71,t5molgen_gen_ens,4.583696183720225e-05,O=C1OC[C@H](Cc2ccc3c(c2)OCO3)[C@H]1C[n+]1ccc2c(c1)OCO2
chemlml-t5molgen_high_sim_2_38,llm_gen_ens_high_sim_2_38,t5molgen_gen_ens,3.788232081852753e-05,COCOc1cccc(C[C@@H](COC=O)OCc2ccc3c(c2)OCO3)c1
chemlml-t5molgen_high_sim_2_64,llm_gen_ens_high_sim_2_64,t5molgen_gen_ens,3.725164874897641e-05,COCOc1cccc(C[C@H]2COC(=O)[C@@H]2Cc2ccc3c(c2)OCO3)c1
chemlml-t5molgen_high_sim_2_91,llm_gen_ens_high_sim_2_91,t5molgen_gen_ens,2.7083389577726203e-05,O=COC[C@H](CCO)COC(=O)/C=C/c1ccc2c(c1)OCO2
chemlml-t5molgen_high_sim_2_5,llm_gen_ens_high_sim_2_5,t5molgen_gen_ens,1.011435897606333e-05,O=CC[C@@H](COC=O)[C@H]1COC(=O)[C@@H]1c1ccc2c(c1)OCO2
chemlml-t5molgen_high_sim_2_42,llm_gen_ens_high_sim_2_42,t5molgen_gen_ens,6.632171585445826e-06,CC[C@H](COC=O)CC(C)/C=C/c1ccc2c(c1)OCO2
chemlml-t5molgen_high_sim_2_84,llm_gen_ens_high_sim_2_84,t5molgen_gen_ens,1.256080815294121e-06,C[C@@H]1C(=O)OC[C@H](Cc2ccc3c(c2)OCO3)C1=O
chemlml-t5molgen_high_sim_2_40,llm_gen_ens_high_sim_2_40,t5molgen_gen_ens,9.166753523544614e-07,O=COC=C=C=CC(=O)NCc1ccc2c(c1)OCO2
chemlml-t5molgen_high_sim_2_49,llm_gen_ens_high_sim_2_49,t5molgen_gen_ens,9.129296589571644e-07,C[C@H]1C(=O)OC[C@H]1Cc1ccc2c(c1)OCO2
chemlml-t5molgen_high_sim_2_70,llm_gen_ens_high_sim_2_70,t5molgen_gen_ens,8.62827361252245e-07,C[C@H]1C(OC=O)[C@@H]1Cc1ccc2c(c1)OCO2
chemlml-t5molgen_high_sim_2_94,llm_gen_ens_high_sim_2_94,t5molgen_gen_ens,8.522269407637954e-07,CC(C)=CC[C@H]1C(OC=O)[C@@H]1/C=C/c1ccc2c(c1)OCO2
chemlml-t5molgen_high_sim_2_43,llm_gen_ens_high_sim_2_43,t5molgen_gen_ens,5.994934357781944e-07,COCS[C@H](COC=O)Cc1ccc2c(c1)OCO2
chemlml-t5molgen_high_sim_2_86,llm_gen_ens_high_sim_2_86,t5molgen_gen_ens,4.0440589212500404e-07,O=COC[C@@H](CBr)Cc1ccc2c(c1)OCO2
chemlml-t5molgen_high_sim_2_81,llm_gen_ens_high_sim_2_81,t5molgen_gen_ens,1.1094578040433953e-07,CO[C@@H](Cc1ccc2c(c1)OCO2)C(=O)OC=O
chemlml-t5molgen_high_sim_2_85,llm_gen_ens_high_sim_2_85,t5molgen_gen_ens,9.51914830133124e-08,O=COC[C@@H]([18OH])Cc1ccc2c(c1)OCO2
chemlml-t5molgen_high_sim_2_45,llm_gen_ens_high_sim_2_45,t5molgen_gen_ens,8.580415097624354e-08,CO[C@H](COC=O)Cc1ccc2c(c1)OCO2
chemlml-t5molgen_high_sim_2_2,llm_gen_ens_high_sim_2_2,t5molgen_gen_ens,8.218351625352648e-08,C[C@H]1C(=O)OC[C@@H]1Cc1ccc2c(c1)OCO2
chemlml-t5molgen_high_sim_2_16,llm_gen_ens_high_sim_2_16,t5molgen_gen_ens,3.6586538856795485e-08,O=COC[C@H]1C=CC=C2OCOC2=CC1
chemlml-t5molgen_high_sim_3_60,llm_gen_ens_high_sim_3_60,t5molgen_gen_ens,0.0091337068867968,CCON=C/C(C(C#N)=C(S)c1ccccc1N=NS)=C(/N)Sc1ccccc1N
chemlml-t5molgen_high_sim_3_78,llm_gen_ens_high_sim_3_78,t5molgen_gen_ens,0.0072214841600621,CCON=C/C(=C(/N)Sc1ccccc1N)C(/C=C\N)SOC=C([O-])c1ccccc1N
chemlml-t5molgen_high_sim_3_70,llm_gen_ens_high_sim_3_70,t5molgen_gen_ens,0.0069724216250485,CCON=CC(=C(/N)Sc1ccccc1N)/C(N=N)=C(\N)Sc1ccccc1N
chemlml-t5molgen_high_sim_3_4,llm_gen_ens_high_sim_3_4,t5molgen_gen_ens,0.0065573616922118,CCON=C/C(C(C#N)=C(Cl)Sc1ccccc1N)=C(/N)Sc1ccccc1N
chemlml-t5molgen_high_sim_3_26,llm_gen_ens_high_sim_3_26,t5molgen_gen_ens,0.0064992608338784,CCON=CC(=C(/N)Sc1ccccc1N)/C(C#N)=C(/Cl)Sc1ccccc1N
chemlml-t5molgen_high_sim_3_84,llm_gen_ens_high_sim_3_84,t5molgen_gen_ens,0.0064196725063332,CCON=C/C(C(C#N)=C(I)Sc1ccccc1N)=C(/N)Sc1ccccc1N
chemlml-t5molgen_high_sim_3_71,llm_gen_ens_high_sim_3_71,t5molgen_gen_ens,0.0063717246275663,CCON=CC(=C(/N)Sc1ccccc1N)/C(C#N)=C(\I)Sc1ccccc1N
chemlml-t5molgen_high_sim_3_69,llm_gen_ens_high_sim_3_69,t5molgen_gen_ens,0.0062460584211695,CCON=CC(=C(N)Sc1ccccc1N)C(C#N)=C(N)Sc1ccccc1N
chemlml-t5molgen_high_sim_3_16,llm_gen_ens_high_sim_3_16,t5molgen_gen_ens,0.0059864081262348,CCON=C/C(C(C#N)=C(I)Sc1ccccc1N)=C(/N)Sc1ccccc1N
chemlml-t5molgen_high_sim_3_61,llm_gen_ens_high_sim_3_61,t5molgen_gen_ens,0.0059593124029204,CCON=CC(=C(\Br)Sc1ccccc1N)/C(C#N)=C(\N)Sc1ccccc1N
chemlml-t5molgen_high_sim_3_55,llm_gen_ens_high_sim_3_55,t5molgen_gen_ens,0.0059440453061952,CCON=CC(=C(S)Sc1ccccc1N)/C(C#N)=C(\N)Sc1ccccc1N
chemlml-t5molgen_high_sim_3_64,llm_gen_ens_high_sim_3_64,t5molgen_gen_ens,0.0058589740326936,CCON=C/C(C(C#N)=C(Br)Sc1ccccc1N)=C(/N)Sc1ccccc1N
chemlml-t5molgen_high_sim_3_43,llm_gen_ens_high_sim_3_43,t5molgen_gen_ens,0.0058534124942173,CCON=CC(=C(/N)Sc1ccccc1N)/C(C#N)=C(\Cl)Sc1ccccc1
chemlml-t5molgen_high_sim_3_8,llm_gen_ens_high_sim_3_8,t5molgen_gen_ens,0.0056481393298004,CCON=CC(/C(C#N)=C(\N)Sc1ccccc1N)=C(\N)Sc1ccccc1N
chemlml-t5molgen_high_sim_3_17,llm_gen_ens_high_sim_3_17,t5molgen_gen_ens,0.005427509775176,CCON=CC(=C(/N)Sc1ccccc1N=N)/C(C#N)=C(\N)Sc1ccccc1N
chemlml-t5molgen_high_sim_3_7,llm_gen_ens_high_sim_3_7,t5molgen_gen_ens,0.0053912388192207,CCON=CC(=C(/N)Sc1ccccc1N)/C(C#N)=C(\Br)Sc1ccccc1N
chemlml-t5molgen_high_sim_3_53,llm_gen_ens_high_sim_3_53,t5molgen_gen_ens,0.0053869038133549,CCON=CC(=C(\Cl)Sc1ccccc1N)/C(C#N)=C(\N)Sc1ccccc1N
chemlml-t5molgen_high_sim_3_58,llm_gen_ens_high_sim_3_58,t5molgen_gen_ens,0.0053090400688274,CCON=C/C(C(C#N)=C(C#N)Sc1ccccc1N)=C(/N)Sc1ccccc1N
chemlml-t5molgen_high_sim_3_20,llm_gen_ens_high_sim_3_20,t5molgen_gen_ens,0.0049756257591612,CCON=CC(=C(/N)Sc1ccccc1N)/C(C#N)=C(\N)Sc1ccccc1N
chemlml-t5molgen_high_sim_3_0,llm_gen_ens_high_sim_3_0,t5molgen_gen_ens,0.0047452432045163,CCON=CC(=C(/N)Sc1ccccc1N)/C(C#N)=C(\N)Sc1ccccc1N
chemlml-t5molgen_high_sim_3_48,llm_gen_ens_high_sim_3_48,t5molgen_gen_ens,0.0047430583890159,CCON=CC(/C(C#N)=C(\N)Sc1ccccc1N)=C(\C)Sc1ccccc1N
chemlml-t5molgen_high_sim_3_30,llm_gen_ens_high_sim_3_30,t5molgen_gen_ens,0.0047289020837873,CCON=CC(=C(/N)Sc1ccccc1N)/C(C#N)=C(\N)Sc1ccccc1Cl
chemlml-t5molgen_high_sim_3_47,llm_gen_ens_high_sim_3_47,t5molgen_gen_ens,0.0046993875335268,CCON=CC(=C(/N)Sc1ccccc1N)/C(NN)=C(\N)Sc1ccccc1N
chemlml-t5molgen_high_sim_3_34,llm_gen_ens_high_sim_3_34,t5molgen_gen_ens,0.0046141311101325,CCON=CC(=C(/N)Sc1ccccc1N)/C(C#N)=C(\Cl)Sc1ccccc1N
chemlml-t5molgen_high_sim_3_18,llm_gen_ens_high_sim_3_18,t5molgen_gen_ens,0.004606629959483,CCON=C/C(C(C#N)=C(P)Sc1ccccc1N)=C(/N)Sc1ccccc1N
chemlml-t5molgen_high_sim_3_21,llm_gen_ens_high_sim_3_21,t5molgen_gen_ens,0.0045930932850108,CCON=CC(/C(C#N)=C(\N)Sc1ccccc1N)=C(\O)Sc1ccccc1N
chemlml-t5molgen_high_sim_3_3,llm_gen_ens_high_sim_3_3,t5molgen_gen_ens,0.0045785816411373,CCON=C/C(C(C#N)=C(S)Nc1ccccc1N)=C(/N)Sc1ccccc1N
chemlml-t5molgen_high_sim_3_1,llm_gen_ens_high_sim_3_1,t5molgen_gen_ens,0.0044607232335167,CCON=CC(=C(/N)Sc1ccccc1N)/C(C#N)=C(/N)Sc1ccccc1N
chemlml-t5molgen_high_sim_3_46,llm_gen_ens_high_sim_3_46,t5molgen_gen_ens,0.0043632975613295,CCON=C/C(C(C#N)=C(P)Sc1ccccc1N)=C(/N)Sc1ccccc1N
chemlml-t5molgen_high_sim_3_54,llm_gen_ens_high_sim_3_54,t5molgen_gen_ens,0.00434133028182,CCC(=C(/N)Sc1ccccc1N)/C(C#N)=C(/[O-])Sc1ccccc1N
chemlml-t5molgen_high_sim_3_80,llm_gen_ens_high_sim_3_80,t5molgen_gen_ens,0.0042968862016061,CCON=CC(C(=CN)Sc1ccccc1N)=C(Cl)c1ccccc1N=N
chemlml-t5molgen_high_sim_3_81,llm_gen_ens_high_sim_3_81,t5molgen_gen_ens,0.0041782346853655,CCON=CC(C=C(N)Sc1ccccc1N)=C(N)c1ccccc1N=N
chemlml-t5molgen_high_sim_3_82,llm_gen_ens_high_sim_3_82,t5molgen_gen_ens,0.0040116539178152,CCON=CC(=C(/N)Sc1ccccc1N)/C(N=N)=C(/S)Cl
chemlml-t5molgen_high_sim_3_89,llm_gen_ens_high_sim_3_89,t5molgen_gen_ens,0.0039547029888603,CCON=C/C(C(C#N)=C([PH])Sc1ccccc1N)=C(/N)Sc1ccccc1N
chemlml-t5molgen_high_sim_3_49,llm_gen_ens_high_sim_3_49,t5molgen_gen_ens,0.0039142937233659,CCON=CC(=C(/C)Sc1ccccc1N)/C(C#N)=C(\N)Sc1ccccc1N
chemlml-t5molgen_high_sim_3_5,llm_gen_ens_high_sim_3_5,t5molgen_gen_ens,0.0034024853376948,CCON=CC(=C(/N)Sc1ccccc1N)/C(C#N)=C(/[O-])Sc1ccccc1N
chemlml-t5molgen_high_sim_3_2,llm_gen_ens_high_sim_3_2,t5molgen_gen_ens,0.0033886387973788,CCON=CC(=C(/N)Sc1ccccc1N)/C(C#N)=C(/O)Sc1ccccc1N
chemlml-t5molgen_high_sim_3_51,llm_gen_ens_high_sim_3_51,t5molgen_gen_ens,0.0032479751168244,CCON=CC#CC(/C(C#N)=C(\N)Sc1ccccc1N)=C(/N)Sc1ccccc1N
chemlml-t5molgen_high_sim_3_37,llm_gen_ens_high_sim_3_37,t5molgen_gen_ens,0.0032011801307704,CCON=CC(=C(/N)SC=O)/C(C#N)=C(\N)Sc1ccccc1N
chemlml-t5molgen_high_sim_3_52,llm_gen_ens_high_sim_3_52,t5molgen_gen_ens,0.0029495434962462,[C-]#CC(S)=C(C#N)/C(C=NOCC)=C(\N)Sc1ccccc1N
chemlml-t5molgen_high_sim_3_19,llm_gen_ens_high_sim_3_19,t5molgen_gen_ens,0.0024374172371854,CCON=CC(=C(/N)Sc1ccccc1N)/C(C#N)=C(\F)Sc1ccccc1N
chemlml-t5molgen_high_sim_3_40,llm_gen_ens_high_sim_3_40,t5molgen_gen_ens,0.0019727243908882,CCON=CC(/C=C(/N)Sc1ccccc1N)=C(/N)Sc1ccccc1N
chemlml-t5molgen_high_sim_3_42,llm_gen_ens_high_sim_3_42,t5molgen_gen_ens,0.0018750875967623,CC(COC#N)=C(C)SC(C(=O)NSc1ccccc1N)=C(N)Sc1ccccc1N
chemlml-t5molgen_high_sim_3_23,llm_gen_ens_high_sim_3_23,t5molgen_gen_ens,0.0017639402172284,CCON=CC(=C(N)Sc1ccccc1C)C(N)Sc1ccccc1N
chemlml-t5molgen_high_sim_3_62,llm_gen_ens_high_sim_3_62,t5molgen_gen_ens,0.0017242074755501,CCON=CC(B(C#N)Oc1ccccc1N)=C(N)Sc1ccccc1N
chemlml-t5molgen_high_sim_3_87,llm_gen_ens_high_sim_3_87,t5molgen_gen_ens,0.0015651673181293,CCON=CC(=C(/O)Sc1ccccc1N)/C(C#N)=C(\N)Sc1ccccc1N
chemlml-t5molgen_high_sim_3_11,llm_gen_ens_high_sim_3_11,t5molgen_gen_ens,0.0015485581519733,CCON=CC(=C(/N)Sc1ccccc1N)/C(C#N)=C(/F)Sc1ccccc1N
chemlml-t5molgen_high_sim_3_98,llm_gen_ens_high_sim_3_98,t5molgen_gen_ens,0.0010088299880607,CCON=C1C(c2ccccc2N)=C(C#N)/C1=C(\N)Sc1ccccc1N
chemlml-t5molgen_high_sim_3_14,llm_gen_ens_high_sim_3_14,t5molgen_gen_ens,0.0009454592556212,CCON=C1C(c2ccccc2N)=C(C#N)/C1=C(\N)Sc1ccccc1N
chemlml-t5molgen_high_sim_3_9,llm_gen_ens_high_sim_3_9,t5molgen_gen_ens,0.0007863790500597,CCON=CC(=C(/N)Sc1ccccc1N)/C(C#N)=C(\O)Sc1ccccc1N
chemlml-t5molgen_high_sim_3_41,llm_gen_ens_high_sim_3_41,t5molgen_gen_ens,0.0006916536437802,CCON=CC(=C(/N)Sc1ccccc1N)/C(C#N)=C(\[O-])Sc1ccccc1N
chemlml-t5molgen_high_sim_3_24,llm_gen_ens_high_sim_3_24,t5molgen_gen_ens,0.0001805155656504,CCON=CC=CCC(C#N)CC=CC=CN
chemlml-t5molgen_high_sim_3_72,llm_gen_ens_high_sim_3_72,t5molgen_gen_ens,5.846032533431719e-06,CCON=CC=CNc1ccccc1N
chemlml-t5molgen_high_sim_3_10,llm_gen_ens_high_sim_3_10,t5molgen_gen_ens,9.496090263542907e-11,CC=O
chemlml-t5molgen_med_sim_1_16,llm_gen_ens_med_sim_1_16,t5molgen_gen_ens,0.0090703370336764,O=C(O)C=C1C=CC(CNCCC2CCC(CC3CC3)NC2c2ccccc2)=C1
chemlml-t5molgen_med_sim_1_49,llm_gen_ens_med_sim_1_49,t5molgen_gen_ens,0.0080841162690805,O=C(O)C=C1C=CC(C2CCC(C(NCCC3CC3)c3ccccc3)CCN2)=C1
chemlml-t5molgen_med_sim_1_63,llm_gen_ens_med_sim_1_63,t5molgen_gen_ens,0.0075473715212277,Cc1ccccc1C1CCCC2NCCC21CCNCC1=CC(=CC(=O)O)C=C1
chemlml-t5molgen_med_sim_1_98,llm_gen_ens_med_sim_1_98,t5molgen_gen_ens,0.0068098867930921,O=C(O)C=C1C=CC(CNCCC2CCN(C3CCCC3)C2c2ccccc2)=C1
chemlml-t5molgen_med_sim_1_3,llm_gen_ens_med_sim_1_3,t5molgen_gen_ens,0.0065663847174954,O=C(O)C=C1C=CC(CNCCC2CCN(CCC3CC3)C2c2ccccc2)=C1
chemlml-t5molgen_med_sim_1_13,llm_gen_ens_med_sim_1_13,t5molgen_gen_ens,0.0064868468955993,CN(C=CC(=CC=CC(=O)O)CNCC1C=CC=C(C(=O)O)C1)CC1CC1
chemlml-t5molgen_med_sim_1_22,llm_gen_ens_med_sim_1_22,t5molgen_gen_ens,0.0064276323448663,O=C(O)c1ccc(C2CCC(C(NCCC3CC3)c3ccccc3)CCN2)cc1
chemlml-t5molgen_med_sim_1_68,llm_gen_ens_med_sim_1_68,t5molgen_gen_ens,0.0061054331878344,CCC1CC(NCCC(C)(O)O)CC1CNc1cc(C(=O)O)ccc1C(=O)O
chemlml-t5molgen_med_sim_1_84,llm_gen_ens_med_sim_1_84,t5molgen_gen_ens,0.0059033323940361,O=C(O)C=C1C=CC(CNCCC2(C(NCCC3CC3)c3ccccc3)CC2)=C1
chemlml-t5molgen_med_sim_1_23,llm_gen_ens_med_sim_1_23,t5molgen_gen_ens,0.0057730559216896,CN(C)C=CC(=CC=CC(=O)O)CNCC1C=CC=C(C(=O)O)C1
chemlml-t5molgen_med_sim_1_46,llm_gen_ens_med_sim_1_46,t5molgen_gen_ens,0.0053651580167471,CCC1CCN(CC2CNC(=O)C2)CC1CNCC1=CC=CC(=O)OC=C1
chemlml-t5molgen_med_sim_1_6,llm_gen_ens_med_sim_1_6,t5molgen_gen_ens,0.0052898988877881,CCC1C(NCCC(C)(O)O)CC2CN(CC=CC=CC(=O)O)CC21
chemlml-t5molgen_med_sim_1_51,llm_gen_ens_med_sim_1_51,t5molgen_gen_ens,0.0046124846859769,CC(=CC=CC(=O)O)CNCCCC(NC1CCCC1)c1ccccc1
chemlml-t5molgen_med_sim_1_37,llm_gen_ens_med_sim_1_37,t5molgen_gen_ens,0.0044939957766585,C=CC(=CC=CC(=O)O)CNCCC1CCC1(NCCC1CC1)c1ccccc1
chemlml-t5molgen_med_sim_1_59,llm_gen_ens_med_sim_1_59,t5molgen_gen_ens,0.0043983241978292,O=C(O)c1ccc(C2CCC(C(NC3CCCC3)c3ccccc3)CCN2)cc1
chemlml-t5molgen_med_sim_1_66,llm_gen_ens_med_sim_1_66,t5molgen_gen_ens,0.0041371135633121,CCC=C(CCCN(C(=O)O)c1ccccc1)CCNCC=CC=CC(=O)O
chemlml-t5molgen_med_sim_1_58,llm_gen_ens_med_sim_1_58,t5molgen_gen_ens,0.0041084089282648,C=CC(=CC=CC(=O)O)C1CCC(C(c2ccccc2)c2ccccc2)CCN1
chemlml-t5molgen_med_sim_1_5,llm_gen_ens_med_sim_1_5,t5molgen_gen_ens,0.0040798679584106,C=CC1CC(=CC=CC(=O)O)C1NCCCC(NCCC1CC1)c1ccccc1
chemlml-t5molgen_med_sim_1_69,llm_gen_ens_med_sim_1_69,t5molgen_gen_ens,0.0040257722510862,CC1CC(C(=O)O)CCC1NCC(C=CNC1CC1)=CC=CC(=O)O
chemlml-t5molgen_med_sim_1_17,llm_gen_ens_med_sim_1_17,t5molgen_gen_ens,0.0040034755394874,CN(C)C=CC(=CC=CC(=O)O)C1CC(C(=O)O)(C(=O)O)CCN1
chemlml-t5molgen_med_sim_1_60,llm_gen_ens_med_sim_1_60,t5molgen_gen_ens,0.0039823122173067,C=CC1C(C2CCC=CN2CCC=CC=CC(=O)O)CCN1CC=CC=CC(=O)O
chemlml-t5molgen_med_sim_1_2,llm_gen_ens_med_sim_1_2,t5molgen_gen_ens,0.0039083629105343,O=C(O)C=C1C=CC(CNCCC2CCC2(NC2CCCC2)c2ccccc2)=C1
chemlml-t5molgen_med_sim_1_8,llm_gen_ens_med_sim_1_8,t5molgen_gen_ens,0.0038686968850997,C=CC(=CC=CC(=O)O)C1CCC(C(NCCC2CC2)c2ccccc2)CCN1
chemlml-t5molgen_med_sim_1_62,llm_gen_ens_med_sim_1_62,t5molgen_gen_ens,0.0035395419737791,C=CC1C(NCCC(C)(O)O)CC(C)C1CNCC=CC=CC(=O)O
chemlml-t5molgen_med_sim_1_91,llm_gen_ens_med_sim_1_91,t5molgen_gen_ens,0.0035348472802932,CCC1CC1NCC(CCCNCc1ccc(C(=O)O)cc1)NCCC1CC1
chemlml-t5molgen_med_sim_1_39,llm_gen_ens_med_sim_1_39,t5molgen_gen_ens,0.0034641828653167,O=C1C=CC2=C(C=CO1)CNCC1CCC3=NCC(C1C2)N3CCC1CC1
chemlml-t5molgen_med_sim_1_19,llm_gen_ens_med_sim_1_19,t5molgen_gen_ens,0.0032283850374469,CCC(CCNCC1=CC=CC(=O)OC=C1)C(N)c1ccc(C(=O)O)cc1
chemlml-t5molgen_med_sim_1_0,llm_gen_ens_med_sim_1_0,t5molgen_gen_ens,0.0032253429601795,O=C(O)C=C1C=CC(CNCCC2CCC2(NCCC2CC2)c2ccccc2)=C1
chemlml-t5molgen_med_sim_1_38,llm_gen_ens_med_sim_1_38,t5molgen_gen_ens,0.0032213176760912,C=CC1C(CNCC=CC=CC(=O)O)C(C)CC1N1CCC(C)CC1
chemlml-t5molgen_med_sim_1_12,llm_gen_ens_med_sim_1_12,t5molgen_gen_ens,0.0031976748836184,O=C(O)C=C1C=CC(CN2CCC(C(NCCC3CC3)c3ccccc3)CC2)=C1
chemlml-t5molgen_med_sim_1_70,llm_gen_ens_med_sim_1_70,t5molgen_gen_ens,0.0031343597964894,O=C(O)C=C1C=CC(CN2CCC(C(c3ccccc3)c3ccccc3)CC2)=C1
chemlml-t5molgen_med_sim_1_14,llm_gen_ens_med_sim_1_14,t5molgen_gen_ens,0.0030707151576165,C=CC(=CC=CC(=O)O)C1CCC(C(NC2CCCC2)c2ccccc2)CCN1
chemlml-t5molgen_med_sim_1_44,llm_gen_ens_med_sim_1_44,t5molgen_gen_ens,0.003025882503818,C=C(CCNCc1ccc(C(=O)O)c(NC2CC2)c1)C(NC1CCCC1)c1ccccc1
chemlml-t5molgen_med_sim_1_54,llm_gen_ens_med_sim_1_54,t5molgen_gen_ens,0.0029850733258484,C=CC1C2CC1(NCC=CC=CC(=O)O)C(C)CC2N1CCC(C)CC1
chemlml-t5molgen_med_sim_1_87,llm_gen_ens_med_sim_1_87,t5molgen_gen_ens,0.0029471395883481,CCC1CC1N1CC1(CCCNCc1ccc(C(=O)O)cc1)NC1CCCC1
chemlml-t5molgen_med_sim_1_21,llm_gen_ens_med_sim_1_21,t5molgen_gen_ens,0.0029235486217533,CC=CC(=CC=CNC(=O)C1=CC=CC1)C(N)C=CC=CC(=O)O
chemlml-t5molgen_med_sim_1_7,llm_gen_ens_med_sim_1_7,t5molgen_gen_ens,0.0027765417888258,O=C(O)c1ccc(C2CCC(C(c3ccccc3)c3ccccc3)CCN2)cc1
chemlml-t5molgen_med_sim_1_97,llm_gen_ens_med_sim_1_97,t5molgen_gen_ens,0.0024919295783579,C=CC1CN(CCCN2CCCCC2)C1C(CCNCC=CC=CC(=O)O)C1CC1CC
chemlml-t5molgen_med_sim_1_11,llm_gen_ens_med_sim_1_11,t5molgen_gen_ens,0.0024695131249304,C=CC1CC(N2CCCCC2C(=O)O)CCC1NCC=CC=CC(=O)O
chemlml-t5molgen_med_sim_1_4,llm_gen_ens_med_sim_1_4,t5molgen_gen_ens,0.0023509652432993,C=CC(=CC=CC(=O)O)CN1CCC(C(NCCC2CC2)c2ccccc2)CC1
chemlml-t5molgen_med_sim_1_55,llm_gen_ens_med_sim_1_55,t5molgen_gen_ens,0.0022063245187852,O=C(O)C=C1C=CC(CNCCC2CCC2(c2ccccc2)c2ccccc2)=C1
chemlml-t5molgen_med_sim_1_74,llm_gen_ens_med_sim_1_74,t5molgen_gen_ens,0.0021004001817303,O=C(O)C=CC=C(C=C[N+](=O)O)CNCC1C=CC=C(C(=O)O)C1
chemlml-t5molgen_med_sim_1_67,llm_gen_ens_med_sim_1_67,t5molgen_gen_ens,0.0020796399374605,CCOC(=O)CC(CCCNCC12C=CC1=CC=C2NC1CC1)NCCC1CC1
chemlml-t5molgen_med_sim_1_78,llm_gen_ens_med_sim_1_78,t5molgen_gen_ens,0.0020551316309544,C=CC(=CC=CC(=O)O)CNCCC(C)C1CN(CCCN2CCCCC2)C1
chemlml-t5molgen_med_sim_1_34,llm_gen_ens_med_sim_1_34,t5molgen_gen_ens,0.0020302224986044,O=C(O)c1ccc(CNCCC2CCC2(NCCC2CC2)c2ccccc2)cc1
chemlml-t5molgen_med_sim_1_90,llm_gen_ens_med_sim_1_90,t5molgen_gen_ens,0.0019770706256653,CN(CCCNCCCNC(=O)O)Cc1cccc(NC2CC2)c1
chemlml-t5molgen_med_sim_1_64,llm_gen_ens_med_sim_1_64,t5molgen_gen_ens,0.001938898284512,CCC1CCCCC(CCCNc2cc(C(=O)O)ccc2C(=O)O)NC1CC1CC1
chemlml-t5molgen_med_sim_1_45,llm_gen_ens_med_sim_1_45,t5molgen_gen_ens,0.0016738490850714,O=C(O)c1ccc(CN2CCC(NC3CCCC3)C3=CC2=CCCC=C3)cc1
chemlml-t5molgen_med_sim_1_18,llm_gen_ens_med_sim_1_18,t5molgen_gen_ens,0.0015392108188467,O=C(O)c1ccc(CN2CCC(C(NCCC3CC3)c3ccccc3)CC2)cc1
chemlml-t5molgen_med_sim_1_1,llm_gen_ens_med_sim_1_1,t5molgen_gen_ens,0.0015092917764946,CN(CCCNCC1CN1C(=O)O)Cc1cccc(NC2CC2)c1
chemlml-t5molgen_med_sim_1_9,llm_gen_ens_med_sim_1_9,t5molgen_gen_ens,0.0013841893161576,CCc1ccccc1NC(C)(C)C1(CCNCc2ccc(C(=O)O)cc2)CC1
chemlml-t5molgen_med_sim_1_83,llm_gen_ens_med_sim_1_83,t5molgen_gen_ens,0.0009942834336935,CN(C=CC(=CC=CC(=O)O)CNCCC(C(=O)O)C(=O)O)CC1CC1
chemlml-t5molgen_med_sim_1_80,llm_gen_ens_med_sim_1_80,t5molgen_gen_ens,0.0007917925030926,Cc1ccc(CCN(C)CCCN2CCC(C)CC2)cc1
chemlml-t5molgen_med_sim_1_10,llm_gen_ens_med_sim_1_10,t5molgen_gen_ens,0.0004962110199194,O=C1CCC(CNC(C2=CC=CCC=C2)[C@@H]2C[C@@H]2CCCNC2CC2)CO1
chemlml-t5molgen_med_sim_1_65,llm_gen_ens_med_sim_1_65,t5molgen_gen_ens,0.0004888196474864,C=CC(=CC1=C(C=CC)[C@@H](C=C)C1CNC1CC[C@@H](C(=O)O)CC1C(=O)O)C(=O)O
chemlml-t5molgen_med_sim_1_75,llm_gen_ens_med_sim_1_75,t5molgen_gen_ens,0.0004819956716478,C=CC(=CC=CC(=O)O)C[C@H]1CN(c2ccccc2C)CCCN2CCCCC12
chemlml-t5molgen_med_sim_1_61,llm_gen_ens_med_sim_1_61,t5molgen_gen_ens,0.0004162500379551,CN(Cc1cccc(N(C)CC2CC2)c1)CC1CNCCCN1C(=O)O
chemlml-t5molgen_med_sim_1_81,llm_gen_ens_med_sim_1_81,t5molgen_gen_ens,0.0003216048314432,O=C(O)C=CC=C(C=CC1CC1)CNCCC(C(=O)O)C(=O)O
chemlml-t5molgen_med_sim_1_31,llm_gen_ens_med_sim_1_31,t5molgen_gen_ens,0.0002833245733514,O=C(O)c1ccc(CNCCC2CCC2(c2ccccc2)c2ccccc2)cc1
chemlml-t5molgen_med_sim_1_88,llm_gen_ens_med_sim_1_88,t5molgen_gen_ens,0.0002544657956979,CC=C1C=C2C(CNCCC(C(=O)O)C(=O)O)[C@@H]2CCC[C@@H]1N(C)CC1CC1
chemlml-t5molgen_med_sim_1_36,llm_gen_ens_med_sim_1_36,t5molgen_gen_ens,0.0001941228889677,CN(CCCN1CCCN1C(=O)O)Cc1cccc(NC2CC2)c1
chemlml-t5molgen_med_sim_1_96,llm_gen_ens_med_sim_1_96,t5molgen_gen_ens,0.0001457981068197,C=CC1CC(C(=O)O)CCC1NCC=CC=CC(=O)O
chemlml-t5molgen_med_sim_1_27,llm_gen_ens_med_sim_1_27,t5molgen_gen_ens,6.250433646514686e-05,C=C[C@H](CC1=C(C=CC)C(N(C)C)=C1)C1CC(C(=O)O)(C(=O)O)CCN1
chemlml-t5molgen_med_sim_1_43,llm_gen_ens_med_sim_1_43,t5molgen_gen_ens,6.215611434594513e-05,CN(CCCN1CCCN1C(=O)O)Cc1cccc(N(C)C)c1
chemlml-t5molgen_med_sim_1_40,llm_gen_ens_med_sim_1_40,t5molgen_gen_ens,5.31601137235976e-05,O=C(O)C1=CC=C2CNCCCC(NCCC3CC3)(c3ccccc3)C2C=C1
chemlml-t5molgen_med_sim_1_93,llm_gen_ens_med_sim_1_93,t5molgen_gen_ens,4.327468276585172e-05,CN(CC1CC1)C1=CC=CC(CNCCCC(C(=O)O)C(=O)O)=CC=C1C(=O)O
chemlml-t5molgen_med_sim_1_28,llm_gen_ens_med_sim_1_28,t5molgen_gen_ens,3.210772808015019e-05,CC(CCNCC=CC=CC(=O)O)(C(=O)O)c1ccccc1
chemlml-t5molgen_med_sim_1_15,llm_gen_ens_med_sim_1_15,t5molgen_gen_ens,2.769076446485687e-05,O=C(O)C=C1C=C(C(=O)O)[C@@](CCc2ccccc2O)(C(=O)O)[C@@H]1C=CC1=C(C(=O)O)C=C1
chemlml-t5molgen_med_sim_1_24,llm_gen_ens_med_sim_1_24,t5molgen_gen_ens,1.4445932977463864e-05,O=C(O)[C@@H]1C=C1CCC1(C2CC(C(=O)O)(C(=O)O)CCN2)CC1
chemlml-t5molgen_med_sim_1_95,llm_gen_ens_med_sim_1_95,t5molgen_gen_ens,5.01662022344204e-06,C=CC(=CC=CC(=O)O)CNCCCC(C(=O)O)C(=O)O
chemlml-t5molgen_med_sim_1_33,llm_gen_ens_med_sim_1_33,t5molgen_gen_ens,4.447220068613539e-06,C=CC(=CC=CC)C(CC(=O)O)C1CC(C(=O)O)(C(=O)O)CCN1
chemlml-t5molgen_med_sim_1_77,llm_gen_ens_med_sim_1_77,t5molgen_gen_ens,9.35405115594706e-07,CC(CCNCC=CC=CC(=O)O)(C(=O)O)C(=O)O
chemlml-t5molgen_med_sim_1_42,llm_gen_ens_med_sim_1_42,t5molgen_gen_ens,3.1392423326096656e-07,C=CC(CCCNCC=CC=CC(=O)O)(C(=O)O)C(=O)O
chemlml-t5molgen_med_sim_1_92,llm_gen_ens_med_sim_1_92,t5molgen_gen_ens,1.716043884958406e-07,C=CC1(C(=O)O)CCNCC=C(C=CC(=O)O)C1=C
chemlml-t5molgen_med_sim_1_48,llm_gen_ens_med_sim_1_48,t5molgen_gen_ens,3.5077723337548685e-10,[C-]#CC1=CC=CCC=C1
chemlml-t5molgen_low_sim_1_57,llm_gen_ens_low_sim_1_57,t5molgen_gen_ens,0.0091029137430961,NC=CC=CC=CCONc1ccccc1Nc1ncccc1Cl
chemlml-t5molgen_low_sim_1_19,llm_gen_ens_low_sim_1_19,t5molgen_gen_ens,0.0081860607829632,Nc1ccc2c(c1)CCc1cc3ccc[nH]c(CNc4cc5c(N)ccc(N)c5[nH]4)c-3ccn1-2
chemlml-t5molgen_low_sim_1_64,llm_gen_ens_low_sim_1_64,t5molgen_gen_ens,0.0068296923283664,NC=CC=CC1=CC2CC=CC=C2N1C(=O)NC=Cc1cc(N)cc2c(=O)[nH]c(=O)[nH]c12
chemlml-t5molgen_low_sim_1_6,llm_gen_ens_low_sim_1_6,t5molgen_gen_ens,0.0068155644208541,NCC=CC=CC1=CCC2C=CC(N)=CC2=N1
chemlml-t5molgen_low_sim_1_74,llm_gen_ens_low_sim_1_74,t5molgen_gen_ens,0.0051740267059388,CC=CC=CC=c1c(=O)[nH]c(=O)[nH]c1=CCC=O
chemlml-t5molgen_low_sim_1_15,llm_gen_ens_low_sim_1_15,t5molgen_gen_ens,0.0045050986629531,CC=CC1=CC=CC2CN=CC=C2N1C(=O)NC[C@@H](O)[C@@]1(O)CC(C=NC=CNC)C1=O
chemlml-t5molgen_low_sim_1_32,llm_gen_ens_low_sim_1_32,t5molgen_gen_ens,0.004246075581513,C=CC=CC=C(N)C=CNc1ccccc1-n1c2c3cccccn1c2C=NC3
chemlml-t5molgen_low_sim_1_55,llm_gen_ens_low_sim_1_55,t5molgen_gen_ens,0.0041528981763011,NCC=CC=C1C=CC2CC=CC(N)=C2C(=O)N1C=Cc1cccc(N)c1
chemlml-t5molgen_low_sim_1_35,llm_gen_ens_low_sim_1_35,t5molgen_gen_ens,0.0039702802932575,NCC=CC1=C2C=CC3CC=CC(N)=C3C(=O)N2C=c2ccccc2=N1
chemlml-t5molgen_low_sim_1_52,llm_gen_ens_low_sim_1_52,t5molgen_gen_ens,0.0031290712708277,C(=Cc1c2cccc1N2)Nc1[nH]cc2ccccc12
chemlml-t5molgen_low_sim_1_56,llm_gen_ens_low_sim_1_56,t5molgen_gen_ens,0.0029621713251674,C=Cc1c[nH]c(=O)n2c(ccc1C)C1=CCC3C(N)=CN=CC3=C12
chemlml-t5molgen_low_sim_1_37,llm_gen_ens_low_sim_1_37,t5molgen_gen_ens,0.0023358016731764,NC=Cc1ccc2cc1C(=O)N2C[C@@H](O)[C@@H](N)C1=CO[C@H](CO)[C@@H](Cc2cccnc2)C=NC=C1
chemlml-t5molgen_low_sim_1_63,llm_gen_ens_low_sim_1_63,t5molgen_gen_ens,0.0021908489594275,CC=CC=CC=CCCC(=O)N1C=CC=CC=C(OC=CCO[C@H](CO)[C@H](OC)C2CC=CC=CC2)C1
chemlml-t5molgen_low_sim_1_24,llm_gen_ens_low_sim_1_24,t5molgen_gen_ens,0.0018642168034284,Nc1c2c3ccc4[nH]cc5cccc(c54)n-2c2ccccc2c1cc3
chemlml-t5molgen_low_sim_1_23,llm_gen_ens_low_sim_1_23,t5molgen_gen_ens,0.0017952949337465,NC=CC=CC1=CCONc2ccccc21
chemlml-t5molgen_low_sim_1_78,llm_gen_ens_low_sim_1_78,t5molgen_gen_ens,0.0015775711684316,CC=CC=CC=CC12C=CC3=CC=CC(N)=C(N3)C1=C2C(=O)NC=O
chemlml-t5molgen_low_sim_1_20,llm_gen_ens_low_sim_1_20,t5molgen_gen_ens,0.0013699691380031,NC=CC=CC=CCONc1cc2ccc1C(=O)Nc1ccccc1-2
chemlml-t5molgen_low_sim_1_44,llm_gen_ens_low_sim_1_44,t5molgen_gen_ens,0.0010205607858491,CC=Cc1ccc2c(c1C(=O)NC=O)-c1c(N)cccc1C=CNC2
chemlml-t5molgen_low_sim_1_9,llm_gen_ens_low_sim_1_9,t5molgen_gen_ens,0.0009608669998839,NC=CC=CC=CCONc1ccc2cc1Nc1cc(N)ccc1-2
chemlml-t5molgen_low_sim_1_7,llm_gen_ens_low_sim_1_7,t5molgen_gen_ens,0.0008185022538731,Cc1ccc2c(c1C(=O)NC=C1NC(=O)C=C(N)[C@H](Cc3ccccc3)[C@@H]1NO)-c1c(N)cccc1NCC=C2
chemlml-t5molgen_low_sim_1_67,llm_gen_ens_low_sim_1_67,t5molgen_gen_ens,0.0006792840999997,C=CNc1c(N)cccc1N=CN1NC=Cc2ccccc2C1=O
chemlml-t5molgen_low_sim_1_71,llm_gen_ens_low_sim_1_71,t5molgen_gen_ens,0.0005615020760948,C=CO[C@H](C)[C@@H](N)CN1NC=CC=CC2=CC3CN=CC=C3N2C1=O
chemlml-t5molgen_low_sim_1_81,llm_gen_ens_low_sim_1_81,t5molgen_gen_ens,0.000483295821104,NCC=Cc1cccc2ccccc12
chemlml-t5molgen_low_sim_1_91,llm_gen_ens_low_sim_1_91,t5molgen_gen_ens,0.0003278373721768,CC=CC(=O)N1C=CC[C@H](N)c2ccccc2N1CCNc1cccc(N)c1
chemlml-t5molgen_low_sim_1_85,llm_gen_ens_low_sim_1_85,t5molgen_gen_ens,0.0002537381642513,Nc1cccc(CN=CC2=C3C(=CC=CC2)C=CCNc2cccc(N)c23)c1
chemlml-t5molgen_low_sim_1_18,llm_gen_ens_low_sim_1_18,t5molgen_gen_ens,0.0001860822323005,N=C1C=CC=CC1=CN1C(=O)C2=C(N)C=CCC2C=CC1=CC=CCN
chemlml-t5molgen_low_sim_1_8,llm_gen_ens_low_sim_1_8,t5molgen_gen_ens,0.0001383928429397,NC1=CC2=c3c4cc[nH]c5c(N)cccc5n3C(=CC=4)CC2C=C1
chemlml-t5molgen_low_sim_1_39,llm_gen_ens_low_sim_1_39,t5molgen_gen_ens,8.724032485333158e-05,NCC=C1C=CC=CC2=CC=CC=C1O2
chemlml-t5molgen_low_sim_1_68,llm_gen_ens_low_sim_1_68,t5molgen_gen_ens,8.348438151739538e-05,CC=CC=CC=CC1NC=Cc2cccc(N)c21
chemlml-t5molgen_low_sim_1_99,llm_gen_ens_low_sim_1_99,t5molgen_gen_ens,6.867927360202062e-05,NCC=CC1=CC=CCc2ccccc21
chemlml-t5molgen_low_sim_1_28,llm_gen_ens_low_sim_1_28,t5molgen_gen_ens,2.741570913535925e-05,NCCN=CO[C@H]1[C@H](OC[C@H]2C=C3NC4=c5cccc(c5=CC=CC4)C2C=C3C(=O)O)O[C@H](CO)[C@H]1O
chemlml-t5molgen_low_sim_1_88,llm_gen_ens_low_sim_1_88,t5molgen_gen_ens,2.217964833473897e-05,CC=CC=CC1=CCNc2cc3ccc2n1c1nc(N)c2c(N)c1n3c1ccccc21
chemlml-t5molgen_low_sim_1_75,llm_gen_ens_low_sim_1_75,t5molgen_gen_ens,1.9348759089886887e-05,CC=Cc1ccn2c3ccc4c(c3)CC=Cc1n4c1cc(N)ccc12
chemlml-t5molgen_low_sim_1_1,llm_gen_ens_low_sim_1_1,t5molgen_gen_ens,5.6380997074742505e-06,CC=CC=CC=CC1CN=Cc2cccc(N)c21
chemlml-t5molgen_low_sim_1_43,llm_gen_ens_low_sim_1_43,t5molgen_gen_ens,3.454487854433109e-06,Nc1cccc2c1C1=C3C(=O)NNCC=CC=C3C3=CCC1N3CC=C2
chemlml-t5molgen_low_sim_1_51,llm_gen_ens_low_sim_1_51,t5molgen_gen_ens,2.9231174784862284e-06,NCC=C1C=CC=C2CNc3cccc(N)c3C(=O)N2c2ccccc2N1
chemlml-t5molgen_low_sim_1_70,llm_gen_ens_low_sim_1_70,t5molgen_gen_ens,1.3159600838707564e-06,NCC=CC=C1C=C2C=CC1Oc1ccc3c(N)c1N2c1ccccc1-3
chemlml-t5molgen_low_sim_1_97,llm_gen_ens_low_sim_1_97,t5molgen_gen_ens,9.447575546349664e-07,N[C@@H]1[C@@H](CO)c2nc3ccc2[C@@H]1N1CC=Cc2ccccc2C1=C(O)N3
chemlml-t5molgen_low_sim_1_93,llm_gen_ens_low_sim_1_93,t5molgen_gen_ens,5.378481445399341e-07,C=CC1=C2NC(=O)N3C(=CC2c2cc(N)ccc23)C=CC=C1C
chemlml-t5molgen_low_sim_1_53,llm_gen_ens_low_sim_1_53,t5molgen_gen_ens,2.8895215419389345e-07,C=CC1=C2NC(=O)N3C(=CC=CC4CN=CC2=C43)C=CC1
chemlml-t5molgen_low_sim_1_33,llm_gen_ens_low_sim_1_33,t5molgen_gen_ens,3.7822089691615985e-08,C1=Cc2cccc(c2N2C=Cc3cc4ccc3cc42)N1
chemlml-t5molgen_low_sim_1_3,llm_gen_ens_low_sim_1_3,t5molgen_gen_ens,2.2355741938455432e-08,NC=CC=CC=CCC=O
chemlml-t5molgen_low_sim_1_2,llm_gen_ens_low_sim_1_2,t5molgen_gen_ens,1.8287437382988162e-09,CC=CC=CC=CCC=O
chemlml-t5molgen_low_sim_1_41,llm_gen_ens_low_sim_1_41,t5molgen_gen_ens,6.334217257654663e-10,C1=CC=CNCC=C1
