molid,old_molid,target,SMILES
textchemt5_low_sim_0_0,baseline-Text+ChemT5-low-0,low0,CC1=C[C@@H]2[C@H](CC[C@]3(C)[C@@H]4C[C@@H](C)CN(C)C[C@H]4CC[C@H]23)C(N)=C1
textchemt5_low_sim_0_1,baseline-Text+ChemT5-low-1,low0,COC(=O)CC[C@@]1(C)[C@@H](C)C[C@@]2(Nc3ccccc3C(=O)O2)[C@@H](CN)[C@@H]2NC[C@@H]21
textchemt5_low_sim_0_2,baseline-Text+ChemT5-low-2,low0,CC1=C(N)[C@@]2(OC1=O)[C@@H]1[C@@H](O)[C@H](CN)[C@@H](C[C@@H]1C)C[C@@H]2C
textchemt5_low_sim_0_3,baseline-Text+ChemT5-low-3,low0,C=C[C@@]12C=CCCN3C[C@@H]1[C@@H]3[C@H]2C
textchemt5_low_sim_0_4,baseline-Text+ChemT5-low-4,low0,CC1=C(C(=O)O)N2C=C[C@H]1[C@H](c1c[nH]c3ccccc13)C[C@H]2C
textchemt5_low_sim_0_5,baseline-Text+ChemT5-low-5,low0,C[C@H](O)[C@@H]1C[C@@H](N)[C@@H]2c3c(C(=O)Nc4ccccc4)ccnc3CC[C@@]12C
textchemt5_low_sim_0_6,baseline-Text+ChemT5-low-6,low0,C=C1C[C@@H]2C(C(=O)O)=N[C@@H]2C[C@@H]2CC[C@@H](C)[C@H](N)[C@@H]12
textchemt5_low_sim_0_7,baseline-Text+ChemT5-low-7,low0,C=C[C@@H]1[C@@H]2CN(C)C[C@H]2[C@]2(C)[C@H](C)C=C[C@@H]12
textchemt5_low_sim_0_8,baseline-Text+ChemT5-low-8,low0,CO[C@]12C(=O)C=C(O)C3=C([C@H](N)[C@H]31)[C@]1(C)CC[C@@H](C2=O)[C@@H](CN)C=CN1C
textchemt5_low_sim_0_9,baseline-Text+ChemT5-low-9,low0,C=CC1=C[C@@H]2CCCN2C(C)=CN1C
textchemt5_low_sim_0_10,baseline-Text+ChemT5-low-10,low0,CN[C@H]1C[C@@H](c2c[nH]c3ccccc23)CN(C)c2c1cc(C)[nH]c2=O
textchemt5_low_sim_0_11,baseline-Text+ChemT5-low-11,low0,C[C@@H]1CC[C@]2(C)[C@@H]([C@H]3C[C@@H]2C(=O)N3C)[C@H](OC(=O)c2ccccc2)C1
textchemt5_low_sim_0_12,baseline-Text+ChemT5-low-12,low0,C=C(C)[C@@H]1C[C@@H](C)CN2CC(C(=O)Cc3c[nH]c4ccccc34)=C[C@@H]12
textchemt5_low_sim_0_13,baseline-Text+ChemT5-low-13,low0,C[C@@H](c1c[nH]c2c(C(=O)O)cccc12)[C@@H]1CCN1C
textchemt5_low_sim_0_14,baseline-Text+ChemT5-low-14,low0,CC(C)C(=O)O[C@H]1C[C@@]23C[C@@]2([C@@H]1N)[C@H](CN)[C@@H]1[C@H](C)CCC[C@]13C
textchemt5_low_sim_0_15,baseline-Text+ChemT5-low-15,low0,C[C@@H]1[C@@H]2C(=N)C(=O)N[C@@H]2[C@H]2C[C@@H](C)C=C[C@]12C
textchemt5_low_sim_0_16,baseline-Text+ChemT5-low-16,low0,CC1=C2NC(=O)[C@@H]3C[C@@H](C)[C@@](C)(CCC(=O)O)[C@@H](C=C1N)[C@@H]2[C@@H]3C
textchemt5_low_sim_0_17,baseline-Text+ChemT5-low-17,low0,C=C(C)[C@]12C[C@@H](N(C)C)[C@H](C(=O)C1=C)[C@H]1C[C@@H]([C@H](C)N)[C@H]2[C@H](OC(C)=O)C1
textchemt5_low_sim_0_18,baseline-Text+ChemT5-low-18,low0,C=C(C)[C@@H]1[C@@H]2N[C@H](C)C[C@@H](C)[C@@H]2C=C2C(=O)O[C@@H]21
textchemt5_low_sim_0_19,baseline-Text+ChemT5-low-19,low0,CC1=CNC(=O)N2c3c(C)ccnc3[C@@H](C)[C@H]12
textchemt5_low_sim_0_20,baseline-Text+ChemT5-low-20,low0,C=C1C=C2N[C@H]3[C@@H](C)[C@@H](CC[C@H]2C)C(C)(C)[C@@H]13
textchemt5_low_sim_0_21,baseline-Text+ChemT5-low-21,low0,C=C1CC[C@]2(N)O[C@@H](c3c[nH]c4ccccc34)C[C@@H]2[C@H]2C[C@@H](C)[C@H](N)[C@@H](C(=O)OC)[C@H]12
textchemt5_low_sim_0_22,baseline-Text+ChemT5-low-22,low0,Cc1cc(C(=O)O)c2c(n1)[C@H](CN)C[C@@H](C)C2
textchemt5_low_sim_0_23,baseline-Text+ChemT5-low-23,low0,C=C1C(=O)N(C)[C@@H]2C[C@@]3(CCC[C@@H](C)[C@H]3n3cc(C)ccc3=O)[C@@H]12
textchemt5_low_sim_0_24,baseline-Text+ChemT5-low-24,low0,C=CC(=C)[C@@]12CCC[C@H]1[C@@H](C)C[C@@H]2C
textchemt5_low_sim_0_25,baseline-Text+ChemT5-low-25,low0,C[C@@H](c1cn(C)c2c(C(=O)c3ccn(C)c3)cccc12)[C@H]1OP(=O)(O)OC[C@H](O)[C@H]1O
textchemt5_low_sim_0_26,baseline-Text+ChemT5-low-26,low0,C[C@@H]1C[C@@]2(C)[C@@H]3CC=C(CN)[C@H]2[C@@]2(C)COC(=O)C(=C12)C3
textchemt5_low_sim_0_27,baseline-Text+ChemT5-low-27,low0,C=C[C@H]1C[C@H](O)[C@@H]2[C@H](c3c[nH]c4ccc(OC)cc34)CC[C@@H](C)[C@]23C(=O)N(C)[C@H]13
textchemt5_low_sim_0_28,baseline-Text+ChemT5-low-28,low0,C[C@H]1[C@@H](O)[C@@H]2C[C@@H]3[C@](C)(C(=O)C[C@@]3(O)C(=O)C2=O)[C@H]1N
textchemt5_low_sim_0_29,baseline-Text+ChemT5-low-29,low0,CC(=O)O[C@H]1C[C@@H](N)[C@H]2C=CN3C[C@H](C)C[C@@H]3[C@H](c3c[nH]c4ccccc34)[C@@H]21
textchemt5_low_sim_0_30,baseline-Text+ChemT5-low-30,low0,COC(=O)[C@H]1[C@@H]2[C@@H](C(=CN)[C@H](C)C[C@H]2OC)[C@@H]2CC[C@H](CN)C[C@]21C
textchemt5_low_sim_0_31,baseline-Text+ChemT5-low-31,low0,CC1=C[C@H]2[C@H](C)C[C@@H](C1)C[C@H](N)[C@]21CC1=O
textchemt5_low_sim_0_32,baseline-Text+ChemT5-low-32,low0,C[C@H](O)[C@@H]1C[C@@H]2c3oc(=O)c(N)cc3C(C(=O)c3c[nH]c4ccccc34)=C[C@@H]2[C@H]1N
textchemt5_low_sim_0_33,baseline-Text+ChemT5-low-33,low0,CNC1=C[C@@H]2[CH][C@H]3CCC(=C[C@H](C)C[C@@H]2C(=O)O)[C@@H]13
textchemt5_low_sim_0_34,baseline-Text+ChemT5-low-34,low0,C=C[C@@H]1[C@@H]2[C@@H](C[C@H](C)CN2C)C[C@]2(CN)C(=O)OC[C@@H]12
textchemt5_low_sim_0_35,baseline-Text+ChemT5-low-35,low0,COC(=O)[C@@H]1[C@H]2[C@@H](c3c[nH]c4ccccc34)C[C@@H]2N2C[C@H](C)C[C@@H]12
textchemt5_low_sim_0_36,baseline-Text+ChemT5-low-36,low0,C[C@@H]1CC[C@H]2SCC(c3c[nH]c4ccccc34)=C[C@@H]2[C@@H]1N
textchemt5_low_sim_0_37,baseline-Text+ChemT5-low-37,low0,COC(=O)[C@@H]1[C@@H](N)C[C@H]2[C@H](OC(=O)/C=C/c3ccccc3)[C@H]3CC[C@@H](C)[C@@]312
textchemt5_low_sim_0_38,baseline-Text+ChemT5-low-38,low0,C=C1CN[C@@H]2[C@H](C(=O)OC)C[C@H]3C[C@H](C)C[C@]132
textchemt5_low_sim_0_39,baseline-Text+ChemT5-low-39,low0,CN1CC(Cc2cn(C)c3ccccc23)=Cc2c(O)cc(N)cc2[C@H]2C[C@H](OC(=O)CN)[C@@H]21
textchemt5_low_sim_0_40,baseline-Text+ChemT5-low-40,low0,C[C@@H]1CCC[C@]2(C)[C@@H]1[C@@H]1CN(C)[C@@H](C[C@H]2O)[C@H]1C(=O)c1cccs1
textchemt5_low_sim_0_41,baseline-Text+ChemT5-low-41,low0,C=CC1=C[C@]23CN(C)C[C@@H](C[C@H]2C)[C@@H]3[C@@H]1N
textchemt5_low_sim_0_42,baseline-Text+ChemT5-low-42,low0,C[C@@H](c1c[nH]c2ccccc12)[C@@H]1[C@@H](N)[C@H]2C[C@@]1(C)[C@@H]2OC(=O)c1ccccc1
textchemt5_low_sim_0_43,baseline-Text+ChemT5-low-43,low0,C=C1CN[C@H](C)[C@H]2CC[C@H]3CN(C)[C@H](C)C[C@@H]3[C@H]12
textchemt5_low_sim_0_44,baseline-Text+ChemT5-low-44,low0,C=C1C(=O)O[C@@H]2[C@@H]1[C@H]1CC[C@]2(CN)CCC=C(C)[C@@H](N)C1
textchemt5_low_sim_0_45,baseline-Text+ChemT5-low-45,low0,C=C(C)[C@@H]1C[C@@H](C)C(=O)[C@H]2C[C@@H]3CC[C@](C)([C@H]3N)[C@H]1C2
textchemt5_low_sim_0_46,baseline-Text+ChemT5-low-46,low0,CC(C)=C[C@@H]1[C@H]2CN(C)[C@H]2[C@]2(C)CC[C@H](C)C[C@@H]12
textchemt5_low_sim_0_47,baseline-Text+ChemT5-low-47,low0,CN[C@H]1[C@H]2C[C@H]3[C@H](N)[C@H](C)CC[C@@H]3[C@@]1(C)CCC2=O
textchemt5_low_sim_0_48,baseline-Text+ChemT5-low-48,low0,C[C@@H]1C[C@H]2[C@H](C)[C@@H]3C=C(C(=O)C3=O)[C@H]2N(C)C1
textchemt5_low_sim_0_49,baseline-Text+ChemT5-low-49,low0,C[C@@H]1C[C@H]2[C@H](C)[C@@H](C1)n1cc(CN)c(=O)cc1[C@@H]2C
textchemt5_low_sim_0_50,baseline-Text+ChemT5-low-50,low0,C[C@H]1C[C@@H]2[C@H](OO)[C@@H]3C[C@](C)(C(=O)N3C)[C@H]2C1
textchemt5_low_sim_0_51,baseline-Text+ChemT5-low-51,low0,C[C@@H]1C[C@@H]2N[C@H](c3c[nH]c4ccccc34)C=C/C=C\1[C@H]2C
textchemt5_low_sim_0_52,baseline-Text+ChemT5-low-52,low0,C=C1C(=O)OC[C@@H]2[C@H](CN)[C@@H]3C[C@@H](C)C[C@@H]3[C@@H]12
textchemt5_low_sim_0_53,baseline-Text+ChemT5-low-53,low0,C[C@@H]1C[C@@H]2C[C@](N)([C@@H]3C(=O)C(O)=C[C@H]13)C2(C)CN
textchemt5_low_sim_0_54,baseline-Text+ChemT5-low-54,low0,CC1=CC[C@H]2[C@@](C)(N)[C@H](O)CC[C@@]23CC(C)=C(C#N)N13
textchemt5_low_sim_0_55,baseline-Text+ChemT5-low-55,low0,C=C[C@H]1[C@@H]2C[C@@H](C)CC(C)=C2CC[C@@H]2N(C)C[C@]21C
textchemt5_low_sim_0_56,baseline-Text+ChemT5-low-56,low0,C[C@H](C[C@@H]1C[C@](C)(C(=O)OCc2ccccc2)O1)C[C@H](N)c1c[nH]c(=O)cc1-c1c[nH]c2ccccc12
textchemt5_low_sim_0_57,baseline-Text+ChemT5-low-57,low0,C=CCN1C(=O)[C@@H]2C=C(OC)[C@@H](C)[C@@]13[C@H](C)[C@H](C)C[C@@H]3C=C2N
textchemt5_low_sim_0_58,baseline-Text+ChemT5-low-58,low0,C=CC(=C)[C@@H]1C[C@@H]2CC[C@@]1(C)[C@@H](C)CCCC21CN(C)C1
textchemt5_low_sim_0_59,baseline-Text+ChemT5-low-59,low0,C=C1C(=O)O[C@H]2[C@H]1[C@@H]1C[C@H](C(=C)C)[C@]2(CN)CCC[C@H]1C
textchemt5_low_sim_0_60,baseline-Text+ChemT5-low-60,low0,CC1=C[C@H]2[C@H](C1=O)[C@H](N)[C@@H]1C[C@@H](C)[C@@H](N)C[C@]21C
textchemt5_low_sim_0_61,baseline-Text+ChemT5-low-61,low0,C=C(C=O)[C@H]1[C@H]2C(=O)C(N)=CC(=O)O[C@H]2[C@H]2C[C@@H](C)[C@H](N)[C@H]21
textchemt5_low_sim_0_62,baseline-Text+ChemT5-low-62,low0,C=C1C[C@H]2[C@H](C(=O)OC[C@@H]2C(=C)C)[C@H]2C[C@@H](C)[C@@H](N)[C@H]12
textchemt5_low_sim_0_63,baseline-Text+ChemT5-low-63,low0,C[C@@H]1C[C@@H]2Cc3c(n[nH]c3CN)C(=O)[C@]2(C)[C@H](C)N1
textchemt5_low_sim_0_64,baseline-Text+ChemT5-low-64,low0,C[C@H]1CC[C@@]23O[C@@H](CC(CN)=C[C@@H]2NC3=O)C1
textchemt5_low_sim_0_65,baseline-Text+ChemT5-low-65,low0,C=CC1=C(N)[C@H](C)C[C@H]2[C@@H]3C[C@@](OC(=O)C(C)(C)C)(C[C@@H]3N)[C@H]12
textchemt5_low_sim_0_66,baseline-Text+ChemT5-low-66,low0,C=C(C)[C@H]1[C@H](N)CC[C@@H]2COC(=O)[C@]23C[C@H](C)C[C@@H]13
textchemt5_low_sim_0_67,baseline-Text+ChemT5-low-67,low0,C[C@@H]1CP[C@@]2(C)CC[C@@H]3CC(=O)[C@@]3(N)[C@@H]2C1
textchemt5_low_sim_0_68,baseline-Text+ChemT5-low-68,low0,CC1=C[C@@H]([C@@H]2[C@@H]3C[C@@H](C)CN23)NC1=O
textchemt5_low_sim_0_69,baseline-Text+ChemT5-low-69,low0,CC1=CC=C2[C@H](C)C[C@@H](C(=O)C3=C1[C@@H](N)COC3)[C@H]2CN
textchemt5_low_sim_0_70,baseline-Text+ChemT5-low-70,low0,COC(=O)[C@@H]1C=C[C@H]2[C@H]([C@H](C)c3c[nH]c4ccccc34)CN12
textchemt5_low_sim_0_71,baseline-Text+ChemT5-low-71,low0,C=C(C(=O)O)[C@@H]1[C@H]2CC[C@H](C)C[C@@H]2[C@H]2CN[C@H]21
textchemt5_low_sim_0_72,baseline-Text+ChemT5-low-72,low0,C[C@H]1C[C@H]2[C@]3(CN)CC[C@@H](C(=O)OCOC3=O)[C@]2(C)C1
textchemt5_low_sim_0_73,baseline-Text+ChemT5-low-73,low0,COC(=O)C1=C2C=C(C)[C@H](CC1)[C@@H]1C[C@@H](c3cccnc3)C[C@H](C)N(C)[C@@H]21
textchemt5_low_sim_0_74,baseline-Text+ChemT5-low-74,low0,C=C1C(=O)O[C@H]2[C@@H](C)[C@@H]3C[C@@H](C)C(=O)O[C@H]3[C@H]12
textchemt5_low_sim_0_75,baseline-Text+ChemT5-low-75,low0,C=C1CN[C@H]2[C@@H]1[C@H](C)C[C@@H]1C[C@H]2C(=O)N1
textchemt5_low_sim_0_76,baseline-Text+ChemT5-low-76,low0,C=C[C@H]1[C@@H]2OC(=O)C3=C(N)C4=C(C=NC=C3)CC[C@]1(C)[C@H](C)CCC[C@]42C
textchemt5_low_sim_0_77,baseline-Text+ChemT5-low-77,low0,CC1=CC(=O)O[C@@H]2C[C@H](CC[C@@H](C)CC1)[C@](C)(C=O)[C@@H](N)[C@@H]1OC(=O)[C@@H]12
textchemt5_low_sim_0_78,baseline-Text+ChemT5-low-78,low0,C=C1C(=O)OC(=O)[C@H]2C[C@@H](C)[C@@H](N)[C@@H]12
textchemt5_low_sim_0_79,baseline-Text+ChemT5-low-79,low0,CC1=C[C@@H]2[C@H](C1=O)[C@@H](OC(=O)c1cccnc1)[C@@H]1C[C@@H](C)N(C)C[C@@]21C
textchemt5_low_sim_0_80,baseline-Text+ChemT5-low-80,low0,C=C1C(=O)O[C@H]2SCC(CN)=C(/C=C/[C@@H](C)c3ccccc3)[C@@H]12
textchemt5_low_sim_0_81,baseline-Text+ChemT5-low-81,low0,C=C1[C@@H]2C[C@@H]1[C@H]1[C@@H](C[C@@H](C)CN1C)[C@H](CN)/C=C(C)/C=C/C2=O
textchemt5_low_sim_0_82,baseline-Text+ChemT5-low-82,low0,C[C@@H]1C[C@@H]2[C@H]3NS[C@H](C(=O)C=C1F)[C@@H](C[C@H]2OC(=O)c1cccs1)[C@H]3CN
textchemt5_low_sim_0_83,baseline-Text+ChemT5-low-83,low0,C[C@@H]1C[C@H]2CN(C)C[C@H]3[C@@H]2C(=O)N(C)[C@H]3C1
textchemt5_low_sim_0_84,baseline-Text+ChemT5-low-84,low0,C=C(C(=O)O)[C@@H]1[C@H]2CC[C@@H](C)CN3CC=C(C)[C@H](OC(=O)C2)[C@@H](N)[C@H]13
textchemt5_low_sim_0_85,baseline-Text+ChemT5-low-85,low0,COCC1=C(CN)[C@@H]2[C@H]3[C@@H](C[C@H](C)C[C@H]3C(=O)O)N2C1=O
textchemt5_low_sim_0_86,baseline-Text+ChemT5-low-86,low0,COc1ccc2c(c1)CC[C@@]1(C)C(=O)C=C[C@@]3(N)[C@H]1[C@H](C)[C@@H]3C[C@@H](C)C2
textchemt5_low_sim_0_87,baseline-Text+ChemT5-low-87,low0,C=C1C(=O)N[C@H]2C[C@@H](C)CN(C)[C@H]12
textchemt5_low_sim_0_88,baseline-Text+ChemT5-low-88,low0,C=CC(=C)[C@@H]1CC[C@@H](NC)[C@]12C[C@H](C)C[C@@H]1NC(=O)C(=C)[C@H]12
textchemt5_low_sim_0_89,baseline-Text+ChemT5-low-89,low0,COC(=O)[C@H]1[C@@H]2CN[C@@H]1[C@@H]1[C@@H](C2)C[C@@H](C)C(=O)N1C
textchemt5_low_sim_0_90,baseline-Text+ChemT5-low-90,low0,COC(=O)[C@@H]1C=CC(N2C[C@@H](C)[C@@H]3C[C@H]2[C@@H](C)[C@@H]2NC[C@H]32)=C1
textchemt5_low_sim_0_91,baseline-Text+ChemT5-low-91,low0,C[C@H]1[C@@H]2CCCN1C(=O)C=C2c1c[nH]c2ccc(O)cc12
textchemt5_low_sim_0_92,baseline-Text+ChemT5-low-92,low0,C[C@@H]1C[C@@H]2C(=O)OC(=O)[C@@H]2C[C@@H]1N(C)C
textchemt5_low_sim_0_93,baseline-Text+ChemT5-low-93,low0,COC(=O)[C@@H]1CC[C@]2(C)CN[C@@H](C)C[C@@H]12
textchemt5_low_sim_0_94,baseline-Text+ChemT5-low-94,low0,C[C@H]1C[C@@H](N)[C@@]2(O)CC3=C[C@H](COC3=O)[C@H](CN)[C@@H]2C1
textchemt5_low_sim_0_95,baseline-Text+ChemT5-low-95,low0,CC1=C2C(=O)C[C@H](CN)N2C[C@@H]2SC[C@@H](C)[C@H](N)[C@H]12
textchemt5_low_sim_0_96,baseline-Text+ChemT5-low-96,low0,C=C1CN2C[C@H](C(=O)OC)C=C[C@H]2[C@@]2(C)CC[C@@H](C)[C@H](N)[C@@H]12
textchemt5_low_sim_0_97,baseline-Text+ChemT5-low-97,low0,C[C@H]1C[C@@H]2C[C@H](CN)C[C@@H]3C(=O)NC(=O)[C@@]23C1
textchemt5_low_sim_0_98,baseline-Text+ChemT5-low-98,low0,C=CC(=C)[C@]12CC[C@H]3[C@H]4C(=C)CN(C)[C@H]4C(=O)N3C[C@H]1[C@H](C)C2
textchemt5_low_sim_0_99,baseline-Text+ChemT5-low-99,low0,C[C@@H]1C[C@H]2[C@H](O)[C@H](N(C)C)C[C@@H]3C(=C(N)c4ccccc4)OC(=O)[C@]32C1
textchemt5_medium_sim_0_0,baseline-Text+ChemT5-medium-0,med0,O=C(N[C@@H]1C[C@H](O)[C@H](O)[C@H](COP(=O)(O)O)O1)c1nc[nH]c1-c1c[nH]c(-n2ccnc2)n1
textchemt5_medium_sim_0_1,baseline-Text+ChemT5-medium-1,med0,N[C@H]1CN([C@@H]2O[C@H](COP(=O)(O)O)[C@@H](O)C[C@H]2O)C1=O
textchemt5_medium_sim_0_2,baseline-Text+ChemT5-medium-2,med0,Nc1ccn([C@H]2OC(COP(=O)(O)O)[C@H](O)[C@@H](O)[C@H]2O)c(=O)n1
textchemt5_medium_sim_0_3,baseline-Text+ChemT5-medium-3,med0,NC(=O)[C@@H](N)Cn1ccc(N)nc1=O
textchemt5_medium_sim_0_4,baseline-Text+ChemT5-medium-4,med0,Nc1cn([C@H]2C[C@H](O)[C@H](O)[C@@H](COP(=O)(O)O)O2)c(C2=CN=N2)n1
textchemt5_medium_sim_0_5,baseline-Text+ChemT5-medium-5,med0,Nc1ncnc2c1ncn2C1=N[C@H](COP(=O)(O)O)[C@@H](O)CN1
textchemt5_medium_sim_0_6,baseline-Text+ChemT5-medium-6,med0,NC(=O)c1nc(-n2ccnc2)c2ncn([C@@H]3C[C@H](O)[C@H](O)[C@H](COP(=O)(O)O)O3)c2n1
textchemt5_medium_sim_0_7,baseline-Text+ChemT5-medium-7,med0,Nc1ccn([C@H]2c3ncnc4c3ncn4[C@@H]3O[C@H](COP(=O)(O)O[C@@H](I)[C@@H](O)[C@H]2O)[C@@H](O)[C@H]3O)c(=O)n1
textchemt5_medium_sim_0_8,baseline-Text+ChemT5-medium-8,med0,NC(=O)[C@H]1CNC(CP(=O)(O)OC2[C@@H](O)[C@H](O)C[C@H]2n2cnc3c(=O)[nH]c(N)nc32)=N1
textchemt5_medium_sim_0_9,baseline-Text+ChemT5-medium-9,med0,O=P(O)(O)OC[C@H]1O[C@H](n2ccnc2)[C@H](O)[C@@H]1O
textchemt5_medium_sim_0_10,baseline-Text+ChemT5-medium-10,med0,NC(=O)[C@@H](N)CN1C=CNc2c(-c3ccc(P(=O)(O)O)cc3)ncnc21
textchemt5_medium_sim_0_11,baseline-Text+ChemT5-medium-11,med0,O=c1nnccn1[C@H]1O[C@H](COP(=O)(O)O)[C@@H](O)[C@@H]1O
textchemt5_medium_sim_0_12,baseline-Text+ChemT5-medium-12,med0,Nc1cc2ncn([C@@H]3C[C@H](O)[C@H](O)[C@H](COP(=O)(O)O)O3)c2nc1-c1n[nH]c(N2C=CCN=C2)n1
textchemt5_medium_sim_0_13,baseline-Text+ChemT5-medium-13,med0,CC(=O)Nc1ccc(C[C@H](O)C(=O)N[C@@H]2CCN([C@H]3C[C@H](O)[C@H](O)[C@@H](COP(=O)(O)O)O3)C2=O)cc1
textchemt5_medium_sim_0_14,baseline-Text+ChemT5-medium-14,med0,O=P(O)(O)O[C@H]1CN(CO)[C@H](O)[C@H]1O
textchemt5_medium_sim_0_15,baseline-Text+ChemT5-medium-15,med0,O=C(N[C@H]1CN[C@H](CO)[C@H]1O[C@@H]1O[C@@H](COP(=O)(O)O)[C@H](O)[C@@H](O)[C@H]1O)[C@H](O)c1cncn1F
textchemt5_medium_sim_0_16,baseline-Text+ChemT5-medium-16,med0,O=P(O)(O)OC[C@H]1O[C@H](n2ccnc2)[C@H](O)C[C@@H]1O
textchemt5_medium_sim_0_17,baseline-Text+ChemT5-medium-17,med0,O=c1nc(N2C[C@H](O)C[C@H]2COP(=O)(O)O)ccn1-c1ccc(P(=O)(O)O)cc1
textchemt5_medium_sim_0_18,baseline-Text+ChemT5-medium-18,med0,Nc1ccn([C@@H]2C[C@H](O)[C@@H](COP(=O)(O)O)O2)c(=O)n1
textchemt5_medium_sim_0_19,baseline-Text+ChemT5-medium-19,med0,Cc1ccc(COP(=O)(O)O)c(Cn2cnc3c2ncn3[C@@H]2C[C@H](O)[C@H](O)[C@@H](COP(=O)(O)O)O2)c1
textchemt5_medium_sim_0_20,baseline-Text+ChemT5-medium-20,med0,Nc1ncnc2c1ncn2[C@H]1C[C@H](O)[C@H](N)[C@@H](COP(=O)(O)O)O1
textchemt5_medium_sim_0_21,baseline-Text+ChemT5-medium-21,med0,NC(=O)[C@H](Cc1ccc(O)cc1)n1cnc2c(N[C@@H]3C[C@H](O)[C@H](O)[C@@H](COP(=O)(O)O)O3)ncnc21
textchemt5_medium_sim_0_22,baseline-Text+ChemT5-medium-22,med0,Nc1ncnc2c1ncn2[C@H]1C[C@H](O)[C@@H](COP(=O)(O)O)O1
textchemt5_medium_sim_0_23,baseline-Text+ChemT5-medium-23,med0,Nc1ccn([C@H](OP(=O)(O)O)[C@H](O)CO)c(=O)n1
textchemt5_medium_sim_0_24,baseline-Text+ChemT5-medium-24,med0,NC(=O)[C@H]1CN(c2ccn([C@@H]3C[C@H](O)[C@H](O)[C@@H](COP(=O)(O)O)O3)c(=O)n2)C1=O
textchemt5_medium_sim_0_25,baseline-Text+ChemT5-medium-25,med0,Nc1ccn([C@H]2N=C[C@H]2COP(=O)(O)O)c(=O)n1
textchemt5_medium_sim_0_26,baseline-Text+ChemT5-medium-26,med0,CC(=O)N[C@H]1CN([C@H]2C[C@H](O)[C@H](O)[C@@H](COP(=O)(O)O)O2)C(=O)[C@H]1O
textchemt5_medium_sim_0_27,baseline-Text+ChemT5-medium-27,med0,Nc1ccn([C@H]2O[C@H](COP(=O)(O)Oc3cn([C@@H]4O[C@H](COP(=O)(O)O)[C@@H](O)[C@H]4O)c(=O)[nH]c3=O)[C@@H](O)[C@H]2O)c(=O)n1
textchemt5_medium_sim_0_28,baseline-Text+ChemT5-medium-28,med0,NC1=N[C@@H](C(=O)N[C@H]2O[C@H](COP(=O)(O)O)[C@@H](O)[C@H]2O)CN1
textchemt5_medium_sim_0_29,baseline-Text+ChemT5-medium-29,med0,Nc1ccn(-c2ccc(F)cc2)c(=O)n1.Nc1ccn([C@@H]2C[C@H](O)[C@H](O)[C@@H](COP(=O)(O)O)O2)c(=O)n1
textchemt5_medium_sim_0_30,baseline-Text+ChemT5-medium-30,med0,NC(=O)[C@H](C[C@H](Cc1c[nH]c2ccccc12)OP(=O)(O)O)n1cnc(N)n1
textchemt5_medium_sim_0_31,baseline-Text+ChemT5-medium-31,med0,NC(=O)[C@@H]1S[C@H](COP(=O)(O)O)C(=O)[C@@H]1n1ccnc1
textchemt5_medium_sim_0_32,baseline-Text+ChemT5-medium-32,med0,CN1C[C@H](O)[C@H](O)[C@@H](C(=O)N[C@@H]2C[C@H](O)[C@@H](O)C(COP(=O)(O)O)O2)C1=O
textchemt5_medium_sim_0_33,baseline-Text+ChemT5-medium-33,med0,N[C@@H]1C[C@@H](COP(=O)(O)O)N(c2ccn([C@@H]3C[C@H](O)[C@H](COP(=O)(O)O)[C@H]3O)c(=O)n2)C1
textchemt5_medium_sim_0_34,baseline-Text+ChemT5-medium-34,med0,O=C(Nc1ccc(-n2ccc(N3C[C@H](OP(=O)(O)O)C[C@H]3CO)nc2=O)cc1)[C@@H]1C[C@H](O)[C@H](O)[C@@H](COP(=O)(O)O)O1
textchemt5_medium_sim_0_35,baseline-Text+ChemT5-medium-35,med0,Nc1ccn([C@H]2C(OP(=O)(O)O)O[C@H](COP(=O)(O)O)[C@@H](O)[C@H]2O)c(=O)n1
textchemt5_medium_sim_0_36,baseline-Text+ChemT5-medium-36,med0,Nc1ccn([C@@H]2C[C@H](O)[C@H](O)[C@@H](COP(=O)(O)O)O2)c(=O)n1
textchemt5_medium_sim_0_37,baseline-Text+ChemT5-medium-37,med0,NC(=O)[C@H]1NC(=O)[C@@H](COP(=O)(O)O)[C@@H](n2ccnc2)C1=O
textchemt5_medium_sim_0_38,baseline-Text+ChemT5-medium-38,med0,O=C1[C@@H](O)CN1[C@H]1C[C@H](O)[C@H](O)[C@@H](COP(=O)(O)O)O1
textchemt5_medium_sim_0_39,baseline-Text+ChemT5-medium-39,med0,Nc1ncnc2c1ncn2[C@@H]1C[C@H](O)[C@H](O)[C@@H](COP(=O)(O)O)O1
textchemt5_medium_sim_0_40,baseline-Text+ChemT5-medium-40,med0,Nc1ncnc2c1ncn2[C@H]1C[C@H](O)[C@H](O)[C@H](COP(=O)(O)O)O1
textchemt5_medium_sim_0_41,baseline-Text+ChemT5-medium-41,med0,O=P(O)(O)OC[C@H]1O[C@@H](OCC[C@@H]2C=CS(=O)(=O)N2)[C@H](O)[C@@H]1O
textchemt5_medium_sim_0_42,baseline-Text+ChemT5-medium-42,med0,Nc1ccn([C@H]2O[C@H](COP(=O)(O)Oc3cnc[nH]3)[C@@H](O)[C@H]2O)c(=O)n1
textchemt5_medium_sim_0_43,baseline-Text+ChemT5-medium-43,med0,O=P(O)(O)OC[C@H]1O[C@H](N2C=NCC2)C[C@H](O)[C@@H]1O
textchemt5_medium_sim_0_44,baseline-Text+ChemT5-medium-44,med0,Nc1ncnc2c1ncn2[C@@H]1O[C@H](CO)C[C@H](O)[C@H]1COP(=O)(O)O
textchemt5_medium_sim_0_45,baseline-Text+ChemT5-medium-45,med0,Cc1cn(C[C@H](N)C(N)=O)c(=O)nc1N
textchemt5_medium_sim_0_46,baseline-Text+ChemT5-medium-46,med0,NC(=O)c1ccc(Cc2cncn2[C@H]2C[C@H](O)[C@H](O)[C@@H](COP(=O)(O)O)O2)cc1
textchemt5_medium_sim_0_47,baseline-Text+ChemT5-medium-47,med0,Nc1ccn([C@H]2O[C@H](COP(=O)(O)O)[C@@H](O)[C@@H]2O)c(=O)n1
textchemt5_medium_sim_0_48,baseline-Text+ChemT5-medium-48,med0,Nc1ccn([C@H]2C(O)O[C@H](COP(=O)(O)O)[C@@H](O)[C@H]2O)c(=O)n1
textchemt5_medium_sim_0_49,baseline-Text+ChemT5-medium-49,med0,NC(=O)[C@H]1CO[C@@H](n2cnc3c2ncn3P(=O)(O)O)[C@H](O)[C@H]1O
textchemt5_medium_sim_0_50,baseline-Text+ChemT5-medium-50,med0,O=P(O)(O)OC[C@H]1O[C@H](O[C@H]2[C@H](O)[C@@H](O)CN2c2cnc[nH]2)[C@H](O)[C@@H]1O
textchemt5_medium_sim_0_51,baseline-Text+ChemT5-medium-51,med0,O=C(N[C@@H]1C[C@H](O)[C@H](O)[C@@H](COP(=O)(O)O)O1)c1csc(N2C=NCC2)n1
textchemt5_medium_sim_0_52,baseline-Text+ChemT5-medium-52,med0,NC(=O)[C@@H](N)[C@H](Cn1ccc(N)nc1=O)OP(=O)(O)O
textchemt5_medium_sim_0_53,baseline-Text+ChemT5-medium-53,med0,O=C1[C@@H](COP(=O)(O)O)[C@@H](n2ccnc2)N1c1ccc(OS(=O)(=O)O)cc1
textchemt5_medium_sim_0_54,baseline-Text+ChemT5-medium-54,med0,Nc1ccn([C@H]2O[C@H](COP(=O)(O)O)[C@@H](O)[C@H]2O)c(=O)n1
textchemt5_medium_sim_0_55,baseline-Text+ChemT5-medium-55,med0,O=P(O)(O)OC[C@@H]1O[C@H](n2ccnc2)[C@H](O)C[C@@H]1O
textchemt5_medium_sim_0_56,baseline-Text+ChemT5-medium-56,med0,NC(=O)C1=N[C@@H](Cl)CN1[C@H]1C[C@H](O)[C@H](O)[C@@H](COP(=O)(O)O)O1
textchemt5_medium_sim_0_57,baseline-Text+ChemT5-medium-57,med0,NC(=O)[C@@H]1O[C@@H](O[C@@H]2[C@@H](O)[C@H](CNC(=O)COP(=O)(O)O)OC[C@@H]2O)[C@@H](O)[C@H](O)[C@@H]1O
textchemt5_medium_sim_0_58,baseline-Text+ChemT5-medium-58,med0,Cn1cnc2c1ncn2[C@H]1C[C@H](O)[C@H](O)[C@@H](COP(=O)(O)O)O1
textchemt5_medium_sim_0_59,baseline-Text+ChemT5-medium-59,med0,O=c1nc(-n2ccnc2)ncn1[C@@H]1C[C@H](O)[C@H](O)[C@@H](COP(=O)(O)O)O1
textchemt5_medium_sim_0_60,baseline-Text+ChemT5-medium-60,med0,NC1=N[C@H](P(=O)(O)O)[C@@H](O)CN1
textchemt5_medium_sim_0_61,baseline-Text+ChemT5-medium-61,med0,Nc1nc2c(ncn2[C@H]2C[C@H](OP(=O)(O)O)[C@@H](O)[C@H](CO)O2)c(=O)[nH]1
textchemt5_medium_sim_0_62,baseline-Text+ChemT5-medium-62,med0,NC(=O)[C@@H]1CC[C@@H](COP(=O)(O)O)C[C@H]1Nc1ncnc2c1ncn2[C@@H](C[C@@H]1CCOP(=O)(O)O1)C(N)=O
textchemt5_medium_sim_0_63,baseline-Text+ChemT5-medium-63,med0,NC(=O)c1ccc(-c2nc(-n3cncn3)cn2[C@@H]2C[C@H](O)[C@H](O)[C@@H](COP(=O)(O)O)O2)cc1
textchemt5_medium_sim_0_64,baseline-Text+ChemT5-medium-64,med0,Nc1ccn([C@H]2O[C@H](COP(=O)(O)O)[C@@H](O)C[C@H]2O)c(=O)n1
textchemt5_medium_sim_0_65,baseline-Text+ChemT5-medium-65,med0,O=c1nc(N[C@H]2O[C@H](COP(=O)(O)O)[C@@H](O)[C@H]2O)ccn1-c1cn([C@@H]2C[C@H](O)[C@H](O)[C@@H](COP(=O)(O)O)O2)cn1
textchemt5_medium_sim_0_66,baseline-Text+ChemT5-medium-66,med0,O=P(O)(O)OC[C@@H]1O[C@H](n2ccnc2)[C@H](O)C=C[C@@H]1O
textchemt5_medium_sim_0_67,baseline-Text+ChemT5-medium-67,med0,O=C1C[C@H](O)[C@H](O)[C@H]1Nc1ccc(OP(=O)(O)O)c(-n2cnc3[nH]cnc32)c1
textchemt5_medium_sim_0_68,baseline-Text+ChemT5-medium-68,med0,Nc1ccncc1N1C[C@H](O)[C@@H](O[C@@H]2O[C@H](COP(=O)(O)O)[C@@H](O)[C@H]2O)C1=O
textchemt5_medium_sim_0_69,baseline-Text+ChemT5-medium-69,med0,Nc1nc2c(ncn2C2=N[C@@H](COP(=O)(O)O)CN2)c(=O)[nH]1
textchemt5_medium_sim_0_70,baseline-Text+ChemT5-medium-70,med0,Nc1ncnc2c1ncn2[C@@H]1O[C@H](COP(=O)(O)O)[C@@H](O)[C@H]1O
textchemt5_medium_sim_0_71,baseline-Text+ChemT5-medium-71,med0,O=C1NC(c2c[nH]c3ccccc23)=N[C@@H]1COP(=O)(O)O
textchemt5_medium_sim_0_72,baseline-Text+ChemT5-medium-72,med0,Nc1ccn([C@H]2O[C@@H](COP(=O)(O)O)[C@@H](O)C[C@@H]2O)c(=O)n1
textchemt5_medium_sim_0_73,baseline-Text+ChemT5-medium-73,med0,NC(=O)c1ncnc2c1ncn2[C@@H]1C[C@H](O)[C@H](O)[C@@H](COP(=O)(O)O)O1
textchemt5_medium_sim_0_74,baseline-Text+ChemT5-medium-74,med0,NC(=O)c1csc(N2C=CCC(C(=O)N3C[C@H](OP(=O)(O)O)C[C@H]3CO)=C2)n1
textchemt5_medium_sim_0_75,baseline-Text+ChemT5-medium-75,med0,NC(=O)c1nc(-n2ccnc2)c2ncn([C@H]3O[C@H](COP(=O)(O)O)[C@@H](O)[C@H]3O)c2n1
textchemt5_medium_sim_0_76,baseline-Text+ChemT5-medium-76,med0,O=P(O)(O)O[C@H]1CN(Cc2cnc[nH]2)[C@H](O)[C@H]1O
textchemt5_medium_sim_0_77,baseline-Text+ChemT5-medium-77,med0,N[C@@H](Cn1ccc(-n2ccnc2P(=O)(O)O)nc1=O)c1ccc(O)cc1
textchemt5_medium_sim_0_78,baseline-Text+ChemT5-medium-78,med0,O=C1NC(n2ccnc2)[C@@H]1CCOP(=O)(O)O[C@H]1C[C@H](O)[C@@H](n2cnc3[nH]cnc32)O[C@H]1COP(=O)(O)O
textchemt5_medium_sim_0_79,baseline-Text+ChemT5-medium-79,med0,Nc1ccn([C@H]2O[C@H](COP(=O)(O)O)[C@@H](O)[C@@H]2OP(=O)(O)O)c(=O)n1
textchemt5_medium_sim_0_80,baseline-Text+ChemT5-medium-80,med0,NC(=O)[C@H]1CN(C(=O)[C@H](O)c2ccc(OP(=O)(O)O)cc2)[C@H](O)[C@H]1O
textchemt5_medium_sim_0_81,baseline-Text+ChemT5-medium-81,med0,O=P(O)(O)O[C@H]1CNC(NS(=O)(=O)c2ccc(F)cc2)=N1
textchemt5_medium_sim_0_82,baseline-Text+ChemT5-medium-82,med0,O=c1[nH]c(=O)n([C@H]2C[C@H](O)[C@H](O)[C@@H](COP(=O)(O)O)O2)cc1-n1ccc(N2C[C@H](O)C[C@H]2COP(=O)(O)O)nc1=O
textchemt5_medium_sim_0_83,baseline-Text+ChemT5-medium-83,med0,Cc1cn([C@@H]2C[C@H](O)[C@H](O)[C@@H](COP(=O)(O)O)O2)c(=O)nc1N
textchemt5_medium_sim_0_84,baseline-Text+ChemT5-medium-84,med0,NC(=O)c1ncn([C@@H]2O[C@H](COP(=O)(O)O)[C@@H](O)[C@H]2O)c2nc(-n3ccnc3)nc1-2
textchemt5_medium_sim_0_85,baseline-Text+ChemT5-medium-85,med0,O=C1NC(=O)N(c2ccn(-c3ccc(O)cc3)c(=O)n2)C[C@@H]1COP(=O)(O)O
textchemt5_medium_sim_0_86,baseline-Text+ChemT5-medium-86,med0,NC(=O)c1cnc(N2C[C@H](O)[C@H](O)[C@@H](COP(=O)(O)O)O2)c(-n2ccnc2)n1
textchemt5_medium_sim_0_87,baseline-Text+ChemT5-medium-87,med0,Nc1ccn([C@H]2CN([C@H]3C[C@H](O)[C@H](O)[C@H](COP(=O)(O)O)O3)C[C@H]2O)c(=O)n1
textchemt5_medium_sim_0_88,baseline-Text+ChemT5-medium-88,med0,Nc1ncnc2c1ncn2[C@H]1C[C@H](O)[C@H](O)[C@@H](COP(=O)(O)O)O1
textchemt5_medium_sim_0_89,baseline-Text+ChemT5-medium-89,med0,N[C@@H](Cc1c[nH]c2ccccc12)C(=O)N[C@@H]1C[C@H](O)[C@H](O)[C@@H](COP(=O)(O)O)O1
textchemt5_medium_sim_0_90,baseline-Text+ChemT5-medium-90,med0,O=P(O)(O)OC[C@H]1O[C@H](n2ccnc2)C[C@H](O)[C@@H]1O
textchemt5_medium_sim_0_91,baseline-Text+ChemT5-medium-91,med0,Nc1ncnc2c1ncn2C1=N[C@@H](COP(=O)(O)O)CN1
textchemt5_medium_sim_0_92,baseline-Text+ChemT5-medium-92,med0,NC(=O)n1ccc(N2C[C@H](NP(=O)(O)O)c3cncn32)nc1=O
textchemt5_medium_sim_0_93,baseline-Text+ChemT5-medium-93,med0,O=P(O)(O)C[C@H]1O[C@H](n2cnc3c2ncn3[C@@H]2C[C@H](O)[C@H](O)[C@@H](COP(=O)(O)O)O2)C[C@H](O)[C@@H]1O
textchemt5_medium_sim_0_94,baseline-Text+ChemT5-medium-94,med0,N[C@@H]1[C@H](O)[C@@H](COP(=O)(O)O)O[C@@H]1n1ccnc1
textchemt5_medium_sim_0_95,baseline-Text+ChemT5-medium-95,med0,Nc1ccn([C@@H]2O[C@H](COP(=O)(O)O)[C@@H](O)[C@H]2O)c(=O)n1
textchemt5_medium_sim_0_96,baseline-Text+ChemT5-medium-96,med0,O=C1[C@@H](COP(=O)(O)O)CN1c1ccn(-c2ccc(N[C@@H]3C[C@H](O)[C@H](O)[C@H](COP(=O)(O)O)O3)cc2)c(=O)n1
textchemt5_medium_sim_0_97,baseline-Text+ChemT5-medium-97,med0,O=C1[C@@H](O)[C@@H](O)CN1[C@H]1C[C@H](O)[C@H](O)[C@@H](COP(=O)(O)O)O1
textchemt5_medium_sim_0_98,baseline-Text+ChemT5-medium-98,med0,N[C@H]1CN(CCO[C@@H]2O[C@H](COP(=O)(O)O)[C@@H](O)[C@H]2O)C1=O
textchemt5_medium_sim_0_99,baseline-Text+ChemT5-medium-99,med0,O=c1nc(N2C[C@H](O)[C@H](O)[C@H]2COP(=O)(O)O)ccn1C[C@H](O)c1ccc(Br)cc1
textchemt5_high_sim_0_0,baseline-Text+ChemT5-high-0,high0,CN[C@@H]1C[C@@H](O[C@H]2C[C@H](OC)[C@@H](C)[C@H](C)[C@@H](O[C@@H]3O[C@H](CCN(C)CCN(C)C)[C@H](O)[C@H](OC)[C@H]3O)[C@H]2O)O[C@H](CO)[C@H]1NC(=O)O
textchemt5_high_sim_0_1,baseline-Text+ChemT5-high-1,high0,CO[C@H]1C=CC=C(C)C(=O)O[C@@H](N=CCN(C)C)C[C@H](O)[C@H](C)[C@@H](OC(N)=O)C(=O)[C@@H]1OC
textchemt5_high_sim_0_2,baseline-Text+ChemT5-high-2,high0,CNC1=C2C[C@@H](CN(C)C)C[C@H](O)[C@H](C)[C@H](C)[C@@H](OC(N)=O)/C=C(\OC)[CH][C@@H](OC)C=CC=C(C)C(=O)NC(=CC1=O)C2=O
textchemt5_high_sim_0_3,baseline-Text+ChemT5-high-3,high0,CO[C@H]1[C@H](O)[C@@H](C)[C@H](O[C@H]2[C@H](O)[C@@H](C)[C@@H](OC(N)=O)C[C@@H]2OC)O[C@@H]1CN(C)CCN(C)C
textchemt5_high_sim_0_4,baseline-Text+ChemT5-high-4,high0,C[C@H]1C[C@H]([C@H](O)CN(C)C)OC(=O)[C@H](C)[C@@H](OC(N)=O)[C@H]1O[C@@H]1O[C@H](C)[C@@H](N(C)C)[C@H](O)[C@H]1O
textchemt5_high_sim_0_5,baseline-Text+ChemT5-high-5,high0,CN[C@@H]1[C@@H](O)[C@@H](O)C[C@H]2C(=O)C=C(ON=CCN(C)C)[C@@H](OC(=O)[C@H]3O[C@@H](C)[C@H](O)[C@@H](N(C)C)[C@@H]3O)[C@]2(OC)[C@H]1OC
textchemt5_high_sim_0_6,baseline-Text+ChemT5-high-6,high0,COC(=O)N[C@H]1[C@H](OC)[C@@H](O)[C@H](O[C@H]2[C@H](C)[C@@H](O)[C@H]([C@H](CC/C(C)=N/OCCN(C)C)OC)[C@H](O)[C@@H]2C)O[C@@H]1C
textchemt5_high_sim_0_7,baseline-Text+ChemT5-high-7,high0,COC1=C2C=C(NCCN(C)CCN(C)C)C(O)=C2c2ccc(O)cc2C1=O
textchemt5_high_sim_0_8,baseline-Text+ChemT5-high-8,high0,CO[C@H]1[C@@H](O)[C@@H](O)C[C@H](CN(C)CCN(C)C)[C@@H]1O[C@H]1O[C@@H](C)[C@H](O)[C@@H](N(C)C)[C@@H]1O
textchemt5_high_sim_0_9,baseline-Text+ChemT5-high-9,high0,CO[C@@H]1[C@H](O)[C@@H](OC(N)=O)[C@H](OC)[C@@H](C)C(=O)O[C@@H]1CCN(C)CCN(C)C
textchemt5_high_sim_0_10,baseline-Text+ChemT5-high-10,high0,CN[C@H]1[C@@H](O)[C@@H](CN(C)C)O[C@@H](O[C@H]2C[C@@](C)(O)[C@@H](O)[C@H](C)[C@H]2O)[C@@H]1OC
textchemt5_high_sim_0_11,baseline-Text+ChemT5-high-11,high0,CN(C)CN(C)CCN(C)C1=Cc2cc(O)cc(N(C)C)c2C(=O)C1=O
textchemt5_high_sim_0_12,baseline-Text+ChemT5-high-12,high0,CO[C@H]1C[C@H](O[C@H]2/C=C(/C)C(=O)NC3=CC(=O)C=C(C3=O)[C@H](O)[C@H](CN(C)C)[C@@H](C)[C@H](C)[C@@H]2O)O[C@@H](C)[C@@H]1OCN(C)C
textchemt5_high_sim_0_13,baseline-Text+ChemT5-high-13,high0,CO[C@H]1[C@H](CCCN(C)C)[C@@H](O[C@@H]2O[C@@H](CN(C)CCN(C)C)[C@H](O)[C@H](C)[C@H]2C)[C@H](Oc2c(O)c3ccc(=O)c(=O)c2-3)O[C@@H]1c1ccc(O)cc1
textchemt5_high_sim_0_14,baseline-Text+ChemT5-high-14,high0,CN[C@H]1C[C@@H](C)O[C@@H](O[C@H]2[C@H](C(=O)N/N=C/CN(C)C)[C@H](OC)[C@H](O)[C@@H](CCN(C)C)C(=O)[C@H](N(C)C)C(=O)[C@@H]2OC(N)=O)[C@@H]1O
textchemt5_high_sim_0_15,baseline-Text+ChemT5-high-15,high0,CN(C)CCN(C)c1cc(O)c2c(c1)C(=O)c1cc(O)ccc1C2=O
textchemt5_high_sim_0_16,baseline-Text+ChemT5-high-16,high0,CN(C)C
textchemt5_high_sim_0_17,baseline-Text+ChemT5-high-17,high0,CO[C@@H]1[C@@H](O)[C@H](OC(N)=O)[C@@H](C)C(O)[C@@H](N(C)CCN(C)CCN(C)C)C[C@@H]1O
textchemt5_high_sim_0_18,baseline-Text+ChemT5-high-18,high0,C[C@H](C(=O)N[C@H]1C[C@@H](O[C@@H]2O[C@H](CN(C)C)[C@H](O)[C@H](O)[C@H]2OC(N)=O)OO[C@@H]1C)N(C)C
textchemt5_high_sim_0_19,baseline-Text+ChemT5-high-19,high0,CN[C@H]1[C@H](C)[C@@H](CCN(C)C)O[C@@H](Oc2c(O)c3ccc(=O)c(=O)c2-3)[C@@H]1O[C@@H]1O[C@H](CN(C)C)[C@H](O)[C@H](O)[C@H]1OC
textchemt5_high_sim_0_20,baseline-Text+ChemT5-high-20,high0,CN[C@H]1C(=O)NCCCNC(=O)C(OC)=CC=C[C@H](OC(N)=O)[C@@H](C)/C(O)=C/[C@H](C)[C@@H](C)[C@@H](O)C[C@H](C)OC(=O)[C@@H]1C
textchemt5_high_sim_0_21,baseline-Text+ChemT5-high-21,high0,CN[C@@H]1[C@H](NC(=O)[C@@H]2C[C@@H](OC)[C@H](NC(=O)O)[C@@H](C)O2)[C@@H](c2c[nH]c3ccccc23)C(=O)O[C@H](CN(C)C)C[C@@H]1O
textchemt5_high_sim_0_22,baseline-Text+ChemT5-high-22,high0,CO[C@H]1C[C@@H]([C@@H](CN(C)C)N(C)C)O[C@H](C)[C@H]1OC(N)=O
textchemt5_high_sim_0_23,baseline-Text+ChemT5-high-23,high0,CNC(=O)O[C@@H]1[C@@H](OC)[C@H](O[C@@H]2[C@@H](O)[C@H](C)[C@@H](OC)C(=O)[C@H](C)[C@H]2O)O[C@H](CN(C)C)[C@H]1N(C)C
textchemt5_high_sim_0_24,baseline-Text+ChemT5-high-24,high0,CO[C@H]1C[C@H](O[C@@H]2O[C@H](CN(C)C)[C@H](O)[C@H](O)[C@H]2C)[C@H](O)[C@@H](C)[C@@H]1OC(=O)N(C)C
textchemt5_high_sim_0_25,baseline-Text+ChemT5-high-25,high0,COc1cc(O)cc2c1C(=O)C(NC(=O)/N=C/CN(C)C)=CC2=O
textchemt5_high_sim_0_26,baseline-Text+ChemT5-high-26,high0,COC(=O)N[C@H]1[C@H](O)[C@@H](OC(N)=O)[C@H](O[C@H]2[C@H](OC)[C@@H](C)[C@@H](O)[C@@H](CC=CCN(C)C)OC(=O)[C@@H]2C)O[C@@H]1C
textchemt5_high_sim_0_27,baseline-Text+ChemT5-high-27,high0,CNc1cc(O)c2c(c1O)C(=O)C=C(NCCN(C)C)C2=O
textchemt5_high_sim_0_28,baseline-Text+ChemT5-high-28,high0,COC(=O)N[C@@H]1[C@@H](O[C@@H]2O[C@H](COP(=O)(OC)N(C)C)[C@@H](O)[C@H](O)[C@H]2c2ccc(O)cc2)C1(C)C
textchemt5_high_sim_0_29,baseline-Text+ChemT5-high-29,high0,CN(C)CCN(C)C
textchemt5_high_sim_0_30,baseline-Text+ChemT5-high-30,high0,CO[C@@H]1[C@@H](O)[C@@H](OC)[C@@H](CN(C)C)C(=O)NC(=O)C(C)=CC=C/C(C)=C\[C@H](OC)[C@H]1OC(N)=O
textchemt5_high_sim_0_31,baseline-Text+ChemT5-high-31,high0,COc1cc2cc(C)c1C(=O)NC1=CC(=O)C(C)=C(O[C@H](CN(C)C)[C@H]3C[C@H](O[C@H]4C[C@H](C)[C@@H](O)[C@H](N(C)C)[C@@H](C)O4)[C@H](OC)[C@H](NC2=O)[C@@H](C)O3)C1=O
textchemt5_high_sim_0_32,baseline-Text+ChemT5-high-32,high0,COc1cc2c(O)c(O)c(NCCN(C)C)c(OC)c(=O)c2cc1-c1ccc(O)cc1
textchemt5_high_sim_0_33,baseline-Text+ChemT5-high-33,high0,CO[C@H](C(=O)N[C@H]1C[C@H](OCCN(C)C)O[C@H](c2ccccn2)[C@H]1C/C=C(\C)CC[C@@H](C)O)C1=C(O)C[C@H](N(C)C)[C@@H](C)C1
textchemt5_high_sim_0_34,baseline-Text+ChemT5-high-34,high0,CN[C@H]1[C@H](C)[C@@H](O)OC(=O)[C@H](OC)[C@@H](O[C@@H]2O[C@H](CO)[C@@H](O)[C@H](O)[C@H]2N(C)C)[C@H](CCN(C)CCN/N=C/CN(C)C)[C@H](OC)[C@@H]1O
textchemt5_high_sim_0_35,baseline-Text+ChemT5-high-35,high0,COc1cc2c(c(O)c1C/C=C(\C)CC[C@H](O)[C@H](C)N(C)C)C(=O)c1cc(N(C)CCN(C)CCN(C)C)ccc1C2=O
textchemt5_high_sim_0_36,baseline-Text+ChemT5-high-36,high0,CNC(=O)[C@@H]1CC(=O)c2c(O)cc(cc2OC)CN1C(=O)O[C@H]1[C@@H](OC)[C@H](/C(C)=C/CN(C)C)OC(=O)[C@@H]1C
textchemt5_high_sim_0_37,baseline-Text+ChemT5-high-37,high0,COC(=O)N[C@H]1CC(C)=CC(=O)NC(=O)[C@H](O[C@@H]2O[C@@H](CN(C)C)C[C@H](O)[C@@H]2O)[C@@H](OC(N)=O)[C@@H]1C
textchemt5_high_sim_0_38,baseline-Text+ChemT5-high-38,high0,CN(C)C/C=N/NCCS(=O)(=O)Oc1ccc2c(c1)C(=O)c1cc(O)ccc1C2=O
textchemt5_high_sim_0_39,baseline-Text+ChemT5-high-39,high0,CNC(=O)[CH][C@H]1O[C@@H](O[C@@H]2[C@@H](C)[C@H](O)[C@@H](NC(=O)CN(C)C)OC2(C)C)[C@H](OC)[C@@H](O)[C@H]1O
textchemt5_high_sim_0_40,baseline-Text+ChemT5-high-40,high0,COC1=C2C[C@@H](CN(C)C)C[C@H](OC)[C@H](OC)[C@@H](OC)C(=O)/C=C(/C)C(=O)NC(=CC1=O)[PH]2=O
textchemt5_high_sim_0_41,baseline-Text+ChemT5-high-41,high0,CO[C@@H]1[C@H](NCC=NSS(N)(=O)=O)[C@@H](C)C(=O)[C@H](O)[C@@H](OC)[C@H](O)[C@@H](O[C@@H]2O[C@H](CO)[C@@H](O)[C@H](O)[C@H]2N(C)C)[C@@H]1C(=O)N/N=C/CN(C)C
textchemt5_high_sim_0_42,baseline-Text+ChemT5-high-42,high0,COc1cc2cc(O[C@H]3O[C@@H]([C@@H](O)[C@H](CCN(CCN(C)C)CN(C)C)OC)[C@H](O)[C@@H](O)[C@@H]3O)c1c(=O)c1cc(O)cc(O)c1c2=O
textchemt5_high_sim_0_43,baseline-Text+ChemT5-high-43,high0,CNCNc1cc(O)c2c(c1O)C(=O)c1c(O)cc(N(C)CCN(C)C)cc1C2=O
textchemt5_high_sim_0_44,baseline-Text+ChemT5-high-44,high0,COc1cc2c(c(O)c1CCN(C)C)C(=O)c1ccc(N(CCN(C)C)CCN(C)C)cc1C2=O
textchemt5_high_sim_0_45,baseline-Text+ChemT5-high-45,high0,CN[C@H]1[C@H](OC(N)=O)[C@@H](C)C(O)[C@@H]1O[C@@H]1O[C@H](CN(C)C)C[C@H](O)[C@@H]1O
textchemt5_high_sim_0_46,baseline-Text+ChemT5-high-46,high0,CN[C@H]1C[C@H](CN(C)C)[C@H](O)[C@@H](C)[C@H](O[C@@H]2O[C@H](C)C[C@H](N(C)C)[C@H]2O)[C@@H](OC)C(=O)[C@H](C)[C@@H](O)[C@H]1O
textchemt5_high_sim_0_47,baseline-Text+ChemT5-high-47,high0,C[C@@H]1[C@H](C)[C@@H](c2ccc3oc(=O)[nH]c3c2)/C=C(\OC(N)=O)N[C@@H](C)CC(=O)O[C@H](CN(C)C)[C@H]1O
textchemt5_high_sim_0_48,baseline-Text+ChemT5-high-48,high0,CO[C@H]1C(=O)[C@H](C)[C@@H](O)[C@@H](C)[C@H](/C(C#N)=C/CN(C)C)OC(=O)[C@H](C)[C@H]1O[C@@H]1O[C@H](C)[C@@H](OC(=O)N(C)C)[C@H](O)[C@H]1O
textchemt5_high_sim_0_49,baseline-Text+ChemT5-high-49,high0,C#C[C@@]12C(O)=CC(=O)C=C1NC(=O)[C@H](c1ccc(OC)cc1)[C@@H](OC)[C@H](OC(N)=O)[C@@H](OC)[C@@H](OC)[C@H]2CN(C)C
textchemt5_high_sim_0_50,baseline-Text+ChemT5-high-50,high0,COC(=O)[C@@H]1OC(C)(C)C[C@H](O[C@@H]2C[C@@H](OC)[C@H](OC(=O)N(C)C)[C@@H](C)O2)[C@H]1O[C@@H]1O[C@H](CN(C)C)[C@H](O)[C@H](OC)[C@H]1N(C)C
textchemt5_high_sim_0_51,baseline-Text+ChemT5-high-51,high0,CO[C@H]1[C@H](OC(N)=O)[C@@H](O)[C@@H](C)[C@@H](CNC(=O)N=CCN(C)C)OC2=C(C)C(=O)C=C2NC(=O)C(C)=CC=C[C@@H]1OC
textchemt5_high_sim_0_52,baseline-Text+ChemT5-high-52,high0,CO[C@@H]1O[C@H](NC(=O)CN(C)C)[C@@H](O[C@@H]2O[C@H](CN(C)C)C[C@H](OC)[C@H](O)[C@H]2C)[C@H](O)[C@H]1C
textchemt5_high_sim_0_53,baseline-Text+ChemT5-high-53,high0,COc1cc([C@@H](O)[C@@H]2[C@H](OC)[C@@H](O[C@@H]3O[C@H](C)[C@@H](N(C)C)C[C@H]3OC)[C@H](C)/C=C(\CCN(C)C)C=CC=C(N(C)C)C(=O)NC3=CC(=O)C(C)=C3O[C@@H]2CCCN(C)C)cc(O)c1OC
textchemt5_high_sim_0_54,baseline-Text+ChemT5-high-54,high0,CN[C@H]1[C@H](O[C@H]2C(=O)Nc3cc(OC)c4c(c3)[C@@H]2OCOc2cc(ccc2OC)C4=O)O[C@H](CN(C)C)[C@H](OC)[C@@H]1O
textchemt5_high_sim_0_55,baseline-Text+ChemT5-high-55,high0,CN[C@H]1[C@H](O)[C@@H](OC)[C@H](O[C@H]2C(=O)[C@H](OC)[C@@H](C)C(=O)O[C@H]([C@@H](CN=CCN(C)C)NC)[C@H](O)[C@@H]2C)O[C@@H]1C
textchemt5_high_sim_0_56,baseline-Text+ChemT5-high-56,high0,CCN(C)CCC[C@H]1O[C@@H](O[C@H]2[C@H](O)[C@@H](C)[C@@H](OC(N)=O)C[C@@H]2NC)[C@H](O)[C@@H](OC)[C@H]1O
textchemt5_high_sim_0_57,baseline-Text+ChemT5-high-57,high0,COC(=O)N[C@H]1C(O)[C@H](O[C@@H]2O[C@H](CN(C)C)[C@H](OC(N)=O)[C@H](O)[C@H]2OC)[C@@H](O)[C@H](C)[C@@H](OC)[C@@H]1OC
textchemt5_high_sim_0_58,baseline-Text+ChemT5-high-58,high0,COC1=C2C[C@@H](N=CCN(C)C)[C@H](O)[C@H](C)[C@@H](O)[C@H](OC)/C=C(/C)C(=O)NC(=CC1=O)C2=O
textchemt5_high_sim_0_59,baseline-Text+ChemT5-high-59,high0,CO[C@@H]1[C@@H](O)[C@H](O[C@H]2[C@H](OC(N)=O)[C@@H](C)[C@@H](O)C[C@@H]2C)O[C@H](CN(C)C)[C@@H]1OC(N)=O
textchemt5_high_sim_0_60,baseline-Text+ChemT5-high-60,high0,CNC(=O)[C@H]1O[C@@H](O[C@@H]2O[C@@](C)(C#N)C[C@H](O)[C@H]2OC)[C@H](C)[C@@H](O)[C@H]1OC(=O)N(C)C
textchemt5_high_sim_0_61,baseline-Text+ChemT5-high-61,high0,CN[C@@H]1[C@H](O)[C@@H](COC(N)=O)O[C@H](O[C@@H]2O[C@H](CN(C)C)[C@@H](OC)[C@H](O)[C@H]2N(C)C)[C@H]1OC
textchemt5_high_sim_0_62,baseline-Text+ChemT5-high-62,high0,COc1c2c(cc3c(=O)c(O)c(CCN(C)C)oc13)C(=O)C(=O)c1ccccc1C2=O
textchemt5_high_sim_0_63,baseline-Text+ChemT5-high-63,high0,CO[C@H]1[C@H](CN(C)C)CC2=C(O)C(=O)C=C(NC(=O)C=C[C@@H](N(C)C)[C@H](OC)[C@@H](OC)/C(OC(N)=O)=C/[C@@H](C)[C@H](C)[C@H]1O)C2=O
textchemt5_high_sim_0_64,baseline-Text+ChemT5-high-64,high0,COc1c(NC(=O)[C@H](CCN(C)C)N(C)C)ccc([C@H]2Oc3cc(-c4ccc(O)cc4)ccc3C(=O)[C@@H]2O[C@@H]2O[C@H](CN(C)C)[C@H](O)[C@H](O)[C@H]2C)cc1=O
textchemt5_high_sim_0_65,baseline-Text+ChemT5-high-65,high0,C[C@H]1[C@@H](O)[C@@H](C(=O)N/N=C/CN(C)C)[C@H](O[C@@H]2O[C@H](CO)C[C@H](O)[C@H]2N(C)C)[C@@H](O)[C@H](CC=O)C(=O)N[C@@H](C)C(=O)[C@@H]1O
textchemt5_high_sim_0_66,baseline-Text+ChemT5-high-66,high0,CN[C@@H]1[C@@H](OC)[C@H](OC)[C@@H](OC)/C=C(\OC)[C@H](OC)[C@@H](OC)C=CC=C(I)C(=O)Nc2cc(SC)c(C)c(C(=O)O)c2O[C@@H]1CN(C)C
textchemt5_high_sim_0_67,baseline-Text+ChemT5-high-67,high0,CNCCN(C)CCN(C)c1ccc2c(c1)C(=O)c1c(/C=C(C)/C=C3/C(=O)CNC3=O)cccc1C2=O
textchemt5_high_sim_0_68,baseline-Text+ChemT5-high-68,high0,CO[C@@H]1[C@H](OC)C(=O)O[C@H](C[C@@H]([C@H](OC)C(=O)O[C@@H]2O[C@@](C)(C#N)C[C@H](O)[C@H]2OC(N)=O)N(C)C)[C@@H](CN(C)C)C[C@@H]1O
textchemt5_high_sim_0_69,baseline-Text+ChemT5-high-69,high0,C[C@H](NCc1nc(-c2ccccc2Cl)cn1C)C(=O)N[C@@H]1[C@H](O)[C@@H](O)[C@H](O[C@H]2C(=O)[C@@H]2COC(N)=O)O[C@@H]1CN(C)C
textchemt5_high_sim_0_70,baseline-Text+ChemT5-high-70,high0,COc1cc2c(=O)c(=O)c3cc(N(CCN(C)C)CCN(C)C)c(=O)c(=O)c=3c(=O)c2cc1O
textchemt5_high_sim_0_71,baseline-Text+ChemT5-high-71,high0,CO[C@H]1[C@H](OC(N)=O)[C@@H](C)[C@@H]([C@@H](C)O)C[C@@H](CN(C)C)Oc2c(cc(N(C)C)c(C(C)=O)c2F)NC(=O)C(O)=C[C@@H]1C
textchemt5_high_sim_0_72,baseline-Text+ChemT5-high-72,high0,COC(=O)N[C@H]1[C@H](OC)[C@@H](OC)[C@H](O[C@H]2[C@@H](C)[C@H](CN(C)C)OC(=O)[C@H](C)[C@@H](OC(N)=O)[C@@H]2O)O[C@@H]1C
textchemt5_high_sim_0_73,baseline-Text+ChemT5-high-73,high0,COc1cc(Nc2ccc(O)cc2)c2c(c1OC)C(=O)C=C(N/N=C/CN(C)C)C2=O
textchemt5_high_sim_0_74,baseline-Text+ChemT5-high-74,high0,CN[C@@H]1[C@H](O)[C@@H](O)N(OC(N)=O)C(=O)[C@H](OC)[C@H](O[C@@H]2O[C@H](C)[C@@H](O)[C@H](N(C)C)[C@H]2O)[C@@H](CN(C)C)C[C@@H]1NC
textchemt5_high_sim_0_75,baseline-Text+ChemT5-high-75,high0,CN(C)CCNCCN(C)c1ccc2c(c1)C(=O)c1c(O)cccc1C2=O
textchemt5_high_sim_0_76,baseline-Text+ChemT5-high-76,high0,CN(C)CC(=NOCC1=Cc2cc(F)cc(O)c2C(=O)C1=O)Nc1ccc(O)cc1
textchemt5_high_sim_0_77,baseline-Text+ChemT5-high-77,high0,CO[C@H]1[C@@H](O)[C@H](/C(C)=C/CN(C)CCN(C)C)C(=O)c2cc(O)ccc2NC(=O)C(O)=C[C@@H](C)[C@@H]1OC(N)=O
textchemt5_high_sim_0_78,baseline-Text+ChemT5-high-78,high0,CN[C@@H]1[C@@H](OC)[C@H](O[C@@H]2O[C@H](CN(C)C)[C@H](OC(N)=O)[C@H](O)[C@H]2C)[C@@H](OC)NC[C@@H]1OC
textchemt5_high_sim_0_79,baseline-Text+ChemT5-high-79,high0,CN(C)CCNCCN(C)CC1=CC(=O)c2cccc(O)c2C1=O
textchemt5_high_sim_0_80,baseline-Text+ChemT5-high-80,high0,CO[C@@H]1[C@H](O)[C@@H](C)C(=O)/C=C(/C)CC[C@H](OC(N)=O)[C@H](OC)C=CC=C(C)C(=O)NC2=CC(=O)C(C)=C2O[C@@H]1CCCN(C)C
textchemt5_high_sim_0_81,baseline-Text+ChemT5-high-81,high0,COc1cc(/C2=C\[C@H](O)[C@@H](OC(=O)N(C)C)[C@H](Cc3ccccc3)[C@@H](OC)[C@H](O)[C@@H](CN(C)C)C(=O)N2)ccc1O
textchemt5_high_sim_0_82,baseline-Text+ChemT5-high-82,high0,CN(C)CCN(C)C.CO[C@@H]1[C@@H](OC)[C@@H](C)[C@@H](C)[C@@H](O[C@H]2O[C@H](C)C[C@H](N(C)C)[C@H]2OC(=O)c2ccccc2)OC(=O)/C(C)=C/[C@H](O)[C@H]1OC
textchemt5_high_sim_0_83,baseline-Text+ChemT5-high-83,high0,CNC1=CC=CC(O)=C[C@H](C)[C@@H](OC)[C@@H](OC)[C@@H](OC)C[C@H](C(=O)NCCN(C)C)OC2=C(I)C(=O)C=C2NC1=O
textchemt5_high_sim_0_84,baseline-Text+ChemT5-high-84,high0,COc1cc([C@@H](C)[C@@H]2[C@@H](C)[C@H](O)OC(=O)[C@H](C)C(=O)[C@H](OC)[C@@H](O[C@@H]3O[C@H](C)[C@@H](N(C)C)[C@H](O)[C@H]3C)[C@H](C(=O)NCCN(C)C)[C@@H]2N(C)C)ccc1O
textchemt5_high_sim_0_85,baseline-Text+ChemT5-high-85,high0,CO[C@@H]1[C@@H](O[C@@H]2O[C@H](C)[C@@H](O)[C@H](N(C)C)[C@H]2OC(N)=O)[C@@H](O)[C@@H](CN(C)C)OC(=O)[C@H](C)[C@H]1OC(N)=O
textchemt5_high_sim_0_86,baseline-Text+ChemT5-high-86,high0,COc1cc(C2=CC3=C(O[C@@H]4O[C@H](N(C)C)[C@@H](NCCO)[C@H](O)[C@H]4O[C@@H]4O[C@H](CN(C)C)C[C@H](N(C)C)[C@@H]4O)OC3=CC2=O)ccc1O
textchemt5_high_sim_0_87,baseline-Text+ChemT5-high-87,high0,CO[C@@H]1[C@H](O)[C@@H](C)[C@H](O[C@H]2[C@H](O)[C@@H](C)[C@@H](OC(N)=O)C[C@@H]2O)O[C@@H]1CN(C)CCN(C)C
textchemt5_high_sim_0_88,baseline-Text+ChemT5-high-88,high0,CO[C@@H]1[C@H](OC)[C@@H](O)C(=O)/C=C(/C)C(=O)NC(O)[C@@H](CCCN(C)C)[C@H](O[C@@H]2O[C@H](C)[C@@H](O)[C@H](N(C)C)[C@H]2O)[C@@H](C)CC(=O)O[C@@H]1CCCN(C)C
textchemt5_high_sim_0_89,baseline-Text+ChemT5-high-89,high0,CN[C@H]1C[C@@H](CN(C)C)OC2=C(C)C(=O)C=C2NC(=O)C(C)=CC=C[C@H](C)[C@@H](OC)/C(OC(N)=O)=C/[C@H](C)[C@@H](C)[C@H]1O
textchemt5_high_sim_0_90,baseline-Text+ChemT5-high-90,high0,COC(=O)N[C@H]1[C@H](OC)[C@@H](O)[C@H](O[C@@H]2[C@@H](O)CC(=O)O[C@H](CCCN(C)C)C[C@H](C)[C@H](O)[C@@H](OC)C(=O)[C@@H]2C)O[C@@H]1C
textchemt5_high_sim_0_91,baseline-Text+ChemT5-high-91,high0,CNCCN1C(=O)c2cc(OC)cc(c2)[C@H]2OC(=O)[C@H](N(C)CCN(C)C)[C@@H](O)[C@H](O)[C@@H](C1=O)[C@@H]2OC
textchemt5_high_sim_0_92,baseline-Text+ChemT5-high-92,high0,CNCCNC1=CC(=O)c2cc(O)cc(OC)c2C1=O
textchemt5_high_sim_0_93,baseline-Text+ChemT5-high-93,high0,C[C@@H]1[C@@H](O)[C@H](O)c2cc(O[C@@H]3O[C@H](C(=O)NCCCN(C)C)[C@@H](O)[C@H](O)[C@H]3O)cc(c2OC(N)=O)[C@@H](OC(=O)N(C)C)[C@H]1O
textchemt5_high_sim_0_94,baseline-Text+ChemT5-high-94,high0,CN[C@@H]1[C@H](C)[C@@H](OC(N)=O)[C@H](OC)[C@@H](O)/C=C/C(=O)NC2=CC(=O)C(c3ccc(O)cc3)=C2O[C@@H]1/C(C)=C/CN(C)C
textchemt5_high_sim_0_95,baseline-Text+ChemT5-high-95,high0,CN[C@H]1[C@H](O)[C@@H](C)[C@H](O)/C=C(\C)[C@H](O[C@H]2C[C@H](OC)[C@@H](O)[C@H](C)O2)[C@@H](C)C(=O)O[C@@H]1CN(C)C
textchemt5_high_sim_0_96,baseline-Text+ChemT5-high-96,high0,CO[C@@H]1[C@H](O)[C@@H](O[C@@H]2O[C@H](C)[C@@H](N(C)C)[C@H](O)[C@H]2O)[C@H](OC)[C@@H](CO)C(=O)O[C@@H]1/C(C)=C/CN(C)C
textchemt5_high_sim_0_97,baseline-Text+ChemT5-high-97,high0,CN[C@H](CN(C)C)[C@H]1C[C@H](O)[C@H](C)[C@@H](O[C@H]2[C@H](OC)[C@@H](NC(=O)OCc3ccc(O)c(OC)c3)[C@@H](O)C[C@@H]2OC)O1
textchemt5_high_sim_0_98,baseline-Text+ChemT5-high-98,high0,CN[C@H]1C[C@@H](CCCN(C)C)OC2=C(C)C(=O)C=C2NC(=O)C(C)=CC=C[C@H](C)[C@@H](OC)/C(OC(=O)N(C)C)=C/[C@H](C)[C@H]1O
textchemt5_high_sim_0_99,baseline-Text+ChemT5-high-99,high0,CN[C@H]1C(=O)C2=C(c3cc(N(C)CCN(C)C)ccc3C2=O)[C@H](O)[C@H](OC)[C@@H](OC)[C@@H]1O
textchemt5_high_sim_1_0,chemt5_gen_ens_high_sim_1_0,high1,CCOC(=O)C1(CC=CC=C1)CC3=CC=CC=C3N(C4CC4)C(=O)C5=CC=CC=C5.C(=CC(=O)O)C(=O)O
textchemt5_high_sim_1_1,chemt5_gen_ens_high_sim_1_1,high1,CCC(=O)OCC(=O)N1CCC[C@H]1C(=O)N2CCC[C@H]2C(=O)N3CCC[C@H]3C(=O)O.C(=CC(=O)O)C(=O)O.C(=CC(=O)O)C(=O)O
textchemt5_high_sim_1_2,chemt5_gen_ens_high_sim_1_2,high1,CCC(=O) enalapril.C(=CC(=O)N1CCC[C@H]1C(=O)O)C(=O)N2CCC[C@H]2C(=O)O.C(=CC(=O)O)C(=O)O
textchemt5_high_sim_1_3,chemt5_gen_ens_high_sim_1_3,high1,CCOC(=O)[C@H](CSC1=CC=CC=C1)N[C@@H](C)C(=O)N2C[C@H](C[C@H]2C(=O)O)C3=CC=CC=C3.C(=CC(=O)O)C(=O)O.C(=CC(=O)O)N[C@@H](CCC1=CC=CC=C1)C(=O)O
textchemt5_high_sim_1_4,chemt5_gen_ens_high_sim_1_4,high1,C[C@@H](C(=O)N1CCC[C@H]1C(=O)O)N[C@@H](CCC2=CC=CC=C2)C(=O)O.C(=CC(=O)O)C(=O)O
textchemt5_high_sim_1_5,chemt5_gen_ens_high_sim_1_5,high1,C1CCC2=C(CC1)C(=O)N3CCC(=CC3=N2)C(=O)O.C(=CC(=O)O)C(=O)O
textchemt5_high_sim_1_6,chemt5_gen_ens_high_sim_1_6,high1,CCOC(=O)C1=CC=CC=C1OCC(=O)N2CCC(=CC3=CC=CC=C32)C(=O)O.C(=CC(=O)O)C(=O)O
textchemt5_high_sim_1_7,chemt5_gen_ens_high_sim_1_7,high1,CCOC(=O)C1=CC=CC=C1N2CCC(=O)C3=CC=CC=C3C2.C(=CC(=O)N1CCC[C@H]1C(=O)O)C(=O)O
textchemt5_high_sim_1_8,chemt5_gen_ens_high_sim_1_8,high1,CCN(C(=O)C1=CC=CC=C1)C(=O)C2=CC=C(C=C2)N[C@@H](CCC3=CC=CC=C3)C(=O)O.C(=CC(=O)O)C(=O)O
textchemt5_high_sim_1_9,chemt5_gen_ens_high_sim_1_9,high1,COC(=O)C1=CC=CC=C1CSP(=O)(O)O.C(=CC(=O)O)C(=O)O
textchemt5_high_sim_1_10,chemt5_gen_ens_high_sim_1_10,high1,C[C@@H](C(=O)N1CCC[C@H]1C(=O)O)N[C@@H](CCC2=CC=CC=C2)C(=O)N3CCC[C@H]3C(=O)O.C(=CC(=O)O)C(=O)O
textchemt5_high_sim_1_11,chemt5_gen_ens_high_sim_1_11,high1,C[C@H](CSC(=N)N)C(=O)O.C(=CC(=O)O)N[C@@H](CCC1=CC=CC=C1)C(=O)N2CCC[C@H]2C(=O)O.C(=CC(=O)O)C(=O)O
textchemt5_high_sim_1_12,chemt5_gen_ens_high_sim_1_12,high1,C[C@@H](C)C(=O)N1CCC[C@H]1C(=O)O.C(=CC(=O)O)C(=O)O
textchemt5_high_sim_1_13,chemt5_gen_ens_high_sim_1_13,high1,C[C@H](C(=O)O)C(=O)N1CC2=CC=CC=C2C(=C1)C(=O)O.C(=CC(=O)N2CCC3=CC=CC=C3C[C@H]2C(=O)O)C(=O)O
textchemt5_high_sim_1_14,chemt5_gen_ens_high_sim_1_14,high1,CCOC(=O)C1=CC=CC=C1N[C@@H]2CCC3=CC=CC=C3C[C@H]2C(=O)O.C(=CC(=O)O)C(=O)O
textchemt5_high_sim_1_15,chemt5_gen_ens_high_sim_1_15,high1,C[C@@H](C(=O)O)N1CCC2=CC=CC=C21.C(=CC(=O)O)C(=O)O.C(=CC(=O)O)C(=O)O
textchemt5_high_sim_1_16,chemt5_gen_ens_high_sim_1_16,high1,CCC(=O)N[C@@H](CCC1=CC=CC=C1)C(=O)N2CCC3=CC=CC=C3C[C@H]2C(=O)O.C(=CC(=O)O)C(=O)O
textchemt5_high_sim_1_17,chemt5_gen_ens_high_sim_1_17,high1,C[C@@H](CSC[C@@H](C(=O)N1CCC[C@H]1C(=O)O)N2C=CC(=NC2=O)C3=CC=CC=C3)C(=O)O.C(C(=O)O)C(=O)O
textchemt5_high_sim_1_18,chemt5_gen_ens_high_sim_1_18,high1,CCOC(=O)C(CSC(=N)N)C(=O)N1CC2=CC=CC=C2C(=C1)C(=O)O.C(=CC(=O)O)C(=O)O
textchemt5_high_sim_1_19,chemt5_gen_ens_high_sim_1_19,high1,C[C@@H](C(=O)N1CCC[C@H]1C(=O)O)N[C@@H](C)C(=O)N2CCC[C@H]2C(=O)O.C(=CC(=O)O)C(=O)O
textchemt5_high_sim_1_20,chemt5_gen_ens_high_sim_1_20,high1,C[C@@H](CSC(=N)N)C(=O)N1CCC[C@H]1C(=O)O.C(=CC(=O)O)C(=O)O
textchemt5_high_sim_1_21,chemt5_gen_ens_high_sim_1_21,high1,CCOC(=O)CN1CCC[C@H]1C(=O)O.C(=CC(=O)O)C(=O)O
textchemt5_high_sim_1_22,chemt5_gen_ens_high_sim_1_22,high1,C[C@H](CSC(=O)N1CCC[C@H]1C(=O)O)N[C@@H](CCC2=CC=CC=C2)C(=O)O.C(C(=O)O)N[C@@H](CCC3=CC=CC=C3)C(=O)O.C(=CC(=O)O)C(=O)O
textchemt5_high_sim_1_23,chemt5_gen_ens_high_sim_1_23,high1,C[C@@H](C(=O)N1CCC[C@H]1C(=O)O)NCSC(=O)N2CCC3=CC=CC=C3C[C@H]2C(=O)O.C(=CC(=O)O)C(=O)O
textchemt5_high_sim_1_24,chemt5_gen_ens_high_sim_1_24,high1,C[C@@H](C(=O)N1CCC[C@H]1C(=O)O)N[C@@H](CCC2=CC=CC=C2)C(=O)N3CCC[C@H]3C(=O)O.C(=CC(=O)O)C(=O)O.C(=CC(=O)O)C(=O)O
textchemt5_high_sim_1_25,chemt5_gen_ens_high_sim_1_25,high1,CSC(=O)/C=C(/C1=CC=CC=C1)N[C@@H]2CC3=CC=CC=C3C[C@H]2C(=O)O.C(=CC(=O)O)C(=O)O
textchemt5_high_sim_1_26,chemt5_gen_ens_high_sim_1_26,high1,C[C@H](C(=O)O)N1CCC2=CC=CC=C21.C(=CC(=O)N2CCC(CC2)C(=O)O)C(=O)N3CCC[C@H]3C(=O)O.C(=CC(=O)O)C(=O)O
textchemt5_high_sim_1_27,chemt5_gen_ens_high_sim_1_27,high1,C[C@@H](C(=O)O)N1CCC[C@H]1C(=O)O.C(=CC(=O)O)C(=O)O.C(=CC(=O)N1CCC[C@H]1C(=O)O)C(=O)O
textchemt5_high_sim_1_28,chemt5_gen_ens_high_sim_1_28,high1,C1CCC2=C(CC1)SC=N2.C(=CC(=O)O)C(=O)O.C(=CC(=O)N1CCC[C@H]1C(=O)O)C(=O)N2CCC3=CC=CC=C3C[C@H]2C(=O)O
textchemt5_high_sim_1_29,chemt5_gen_ens_high_sim_1_29,high1,C[C@H](C(=O)N1CCC[C@H]1C(=O)O)N2CCC3=CC=CC=C3C2/C(=NOCC4=CC=CC=C4)/C(=O)N[C@@H](CCC(=O)O)C(=O)O.C(=CC(=O)O)C(=O)O
textchemt5_high_sim_1_30,chemt5_gen_ens_high_sim_1_30,high1,CN(C)C=O.C[C@@H](CSC(=O)N1CCC[C@H]1C(=O)O)N[C@@H](CCC2=CC=CC=C2)C(=O)O.C(=CC(=O)O)C(=O)O
textchemt5_high_sim_1_31,chemt5_gen_ens_high_sim_1_31,high1,C[C@@H](C(=O)N1CCC[C@H]1C(=O)O)N2CCC3=CC=CC=C3C[C@H]2C(=O)O.C(=CC(=O)O)C(=O)O
textchemt5_high_sim_1_32,chemt5_gen_ens_high_sim_1_32,high1,C[C@H](C(=O)N1CCSC[C@H]1C(=O)O)N[C@@H](CCC2=CC=CC=C2)C(=O)N3CCC[C@H]3C(=O)O.C(=CC(=O)O)C(=O)O
textchemt5_high_sim_1_33,chemt5_gen_ens_high_sim_1_33,high1,CCC(=O)O.C(CSC1=CC=CC=C1)C(=O)N2CCC3=CC=CC=C3C2=O.C(=CC(=O)O)C(=O)O
textchemt5_high_sim_1_34,chemt5_gen_ens_high_sim_1_34,high1,C[C@@H](C(=O)O)N[C@@H](CCC3=CC=CC=C3)C(=O)O.C(=CC(=O)N1CCC[C@H]1C(=O)O)N[C@@H](CCC2=CC=CC=C2)C(=O)O.C(=CC(=O)O)N[C@@H](CS)C(=O)O
textchemt5_high_sim_1_35,chemt5_gen_ens_high_sim_1_35,high1,C[C@@H](CSC(=O)N1CCC[C@H]1C(=O)O)N[C@@H](CCC2=CC=CC=C2)C(=O)O.C(C(=O)O)N[C@@H](CCC(=O)O)C(=O)O.C(=CC(=O)O)C(=O)O
textchemt5_high_sim_1_36,chemt5_gen_ens_high_sim_1_36,high1,C[C@@H](CSC(=O)N1CCC[C@H]1C(=O)O)C(=O)N2C[C@@H](C[C@H]2C(=O)O)C3=CC=CC=C3.C(=CC(=O)O)C(=O)O
textchemt5_high_sim_1_37,chemt5_gen_ens_high_sim_1_37,high1,CCOC(=O)N1CCC[C@H]1C(=O)O.CN(C)C=O.C(C(=O)O)N[C@@H](CCC2=CC=CC=C2)C(=O)N3CCC[C@H]3C(=O)O
textchemt5_high_sim_1_38,chemt5_gen_ens_high_sim_1_38,high1,C[C@@H](C(=O)N1CCC[C@H]1C(=O)O)O.C(=CC(=O)N1CCC[C@H]1C(=O)O)C(=O)N2CCC[C@H]2C(=O)O
textchemt5_high_sim_1_39,chemt5_gen_ens_high_sim_1_39,high1,C[C@H](CSC(=O)O)N1CCC[C@H]1C(=O)O.C(=CC(=O)O)C(=O)N2CCC[C@H]2C(=O)O
textchemt5_high_sim_1_40,chemt5_gen_ens_high_sim_1_40,high1,C[C@@H](C(=O)N1CC2=CC=CC=C2C[C@H]1C(=O)O)N[C@@H](CCC3=CC=CC=C3)C(=O)O.C(=CC(=O)O)C(=O)O
textchemt5_high_sim_1_41,chemt5_gen_ens_high_sim_1_41,high1,C[C@@H](C(=O)O)N1CCC[C@H]2C[C@H]1C(=O)N3CCC[C@H]3C(=O)N[C@@H](CCC4=CC=CC=C42)C(=O)O.C(=CC(=O)O)C(=O)O
textchemt5_high_sim_1_42,chemt5_gen_ens_high_sim_1_42,high1,C[C@@H](C(=O)N1CCC[C@H]1C(=O)O)N2CCC3=CC=CC=C3C(=O)N[C@@H](CCC2=O)C(=O)O.C(=CC(=O)O)C(=O)O
textchemt5_high_sim_1_43,chemt5_gen_ens_high_sim_1_43,high1,C[C@H](CSC1=CC=CC=C1)C(=O)O.C(=CC(=O)N1CCC[C@H]1C(=O)O)N[C@@H](CCC2=CC=CC=C2)C(=O)O
textchemt5_high_sim_1_44,chemt5_gen_ens_high_sim_1_44,high1,CCOC(=O)C(CSC1=CC=CC=C1)N[C@@H](C)C(=O)N2CCC[C@H]2C(=O)O.C(=CC(=O)O)C(=O)O
textchemt5_high_sim_1_45,chemt5_gen_ens_high_sim_1_45,high1,C[C@@H](C(=O)N1CCC[C@H]1C(=O)O)N2C[C@@H](C[C@H]2C(=O)O)C3=CC=CC=C3.C(=CC(=O)O)C(=O)O
textchemt5_high_sim_1_46,chemt5_gen_ens_high_sim_1_46,high1,C[C@@H](C(=O)N1CCC[C@H]1C(=O)O)N2C[C@@H](C[C@H]2C(=O)O)SC3=CC=CC=C3.C(=CC(=O)O)C(=O)O
textchemt5_high_sim_1_47,chemt5_gen_ens_high_sim_1_47,high1,CCOC(=O)C(CSC(=N)N)C(=O)N1CCC[C@H]1C(=O)O.C(=CC(=O)O)C(=O)O
textchemt5_high_sim_1_48,chemt5_gen_ens_high_sim_1_48,high1,C[C@H](C(=O)OCC)N1CCC2=CC=CC=C2N(C[C@H]1C(=O)O)C(=O)C3=CC=CC=C3.C(=CC(=O)O)C(=O)O
textchemt5_high_sim_1_49,chemt5_gen_ens_high_sim_1_49,high1,C[C@@H](C(=O)O)N[C@@H](CCC1=CC=CC=C1)C(=O)O.C(=CC(=O)O)C(=O)N1CCC[C@H]1C(=O)O.C(=CC(=O)O)N=C(N)N
textchemt5_high_sim_1_50,chemt5_gen_ens_high_sim_1_50,high1,CCS/C(=C/[C@H]1CCC2=CC=CC=C2N1C(=O)C3=CC=CC=C3)/C(=O)O.C(=CC(=O)O)C(=O)O
textchemt5_high_sim_1_51,chemt5_gen_ens_high_sim_1_51,high1,C[C@@H](C(=O)N1CCC[C@H]1C(=O)O)N2CCC3=CC=CC=C3C2=O.C(=CC(=O)O)C(=O)O
textchemt5_high_sim_1_52,chemt5_gen_ens_high_sim_1_52,high1,C[C@H](C(=O)OCC)N[C@@H](C)C(=O)N1CCC[C@H]1C(=O)O.C(=CC(=O)O)C(=O)O
textchemt5_high_sim_1_53,chemt5_gen_ens_high_sim_1_53,high1,CCOC(=O)N1CCC[C@H]1C(=O)N2CCC[C@H]2C(=O)O.C(=CC(=O)O)C(=O)O
textchemt5_high_sim_1_54,chemt5_gen_ens_high_sim_1_54,high1,CC(C)=C(C(=O)N1CCC[C@H]1C(=O)O)N2C[C@@H](C[C@H]2C(=O)O)C3=CC=CC=C3.C(=CC(=O)O)C(=O)O.C(=CC(=O)O)C(=O)O
textchemt5_high_sim_1_55,chemt5_gen_ens_high_sim_1_55,high1,C=CS(=O)(=O)O.C(=CC(=O)N1CCC[C@H]1C(=O)O)C(=O)N2CCC[C@H]2C(=O)O.C(=CC(=O)O)N[C@@H](CCC(=O)O)C(=O)O
textchemt5_high_sim_1_56,chemt5_gen_ens_high_sim_1_56,high1,C[C@@H](CSC1=CC=CC=C1)C(=O)N2C[C@@H](C[C@H]2C(=O)O)SC3=CC=CC=C3.C(=CC(=O)O)C(=O)O
textchemt5_high_sim_1_57,chemt5_gen_ens_high_sim_1_57,high1,CCOC(=O)N1CCC[C@H]2C[C@@H]1C(=O)N2C(=O)[C@H](C3=CC=CC=C3)N[C@@H](CCC(=O)O)C(=O)O.C(=CC(=O)O)C(=O)O
textchemt5_high_sim_1_58,chemt5_gen_ens_high_sim_1_58,high1,C[C@H](CSC1=CC=CC=C1)C(=O)N2CCC(=CC2)C(=O)N3CCC[C@H]3C(=O)O.C(=CC(=O)O)C(=O)O
textchemt5_high_sim_1_59,chemt5_gen_ens_high_sim_1_59,high1,CCSO[C@H](CCC=C(C)C)C(=O)N1CCC[C@H]1C(=O)O.C(=CC(=O)O)C(=O)N2CCC[C@H]2C(=O)O
textchemt5_high_sim_1_60,chemt5_gen_ens_high_sim_1_60,high1,C[C@@H](C(=O)N1CCC[C@H]1C(=O)O)N[C@@H](CCC2=CC=CC=C2)C(=O)N3CCC[C@H]3C(=O)N[C@@H](C(C)C)C(=O)O.C(=CC(=O)O)C(=O)O
textchemt5_high_sim_1_61,chemt5_gen_ens_high_sim_1_61,high1,C[C@@H](CSC(=O)N1CCC[C@H]1C(=O)O)C(=O)N2C[C@H]3CCC4=CC=CC=C4C[C@H]3C(=O)N2C.C(=CC(=O)O)C(=O)O
textchemt5_high_sim_1_62,chemt5_gen_ens_high_sim_1_62,high1,CCOC(=O)N1CCC[C@H]1C(=O)N2CCC3=CC=CC=C3C2=O.C(=CC(=O)O)C(=O)O
textchemt5_high_sim_1_63,chemt5_gen_ens_high_sim_1_63,high1,C[C@H](C(=O)N1CCC[C@H]1C(=O)N2CCC3CCC(CC3)C2)N[C@@H](CCC4=CC=CC=C4)C(=O)O.C(=CC(=O)O)C(=O)O
textchemt5_high_sim_1_64,chemt5_gen_ens_high_sim_1_64,high1,C[C@@H](C(=O)N1CCC[C@H]1C(=O)N2CCC[C@H]2C(=O)O)C(=O)O.C(=CC(=O)O)C(=O)O
textchemt5_high_sim_1_65,chemt5_gen_ens_high_sim_1_65,high1,CCC(=O)N1CCC[C@H]1C(=O)N2CCC3=CC=CC=C3C[C@@H]2C(=O)O.C(C(=O)O)N[C@@H](CCC(=O)O)C(=O)O.C(=CC(=O)O)C(=O)O
textchemt5_high_sim_1_66,chemt5_gen_ens_high_sim_1_66,high1,C[C@@H](CSC(=N)N)S(=O)(=O)O.C(=CC(=O)N1CCC[C@H]1C(=O)O)C(=O)O
textchemt5_high_sim_1_67,chemt5_gen_ens_high_sim_1_67,high1,C[C@H](CSC(=O)N1CCC[C@H]1C(=O)O)N[C@@H](CCC2=CC=CC=C2)C(=O)N3CCC[C@H]3C(=O)O.C(=CC(=O)O)C(=O)O
textchemt5_high_sim_1_68,chemt5_gen_ens_high_sim_1_68,high1,C[C@@H](CSC(=N)N)N[C@@H](C)C(=O)N1CCC[C@H]1C(=O)O.C(=CC(=O)O)C(=O)O
textchemt5_high_sim_1_69,chemt5_gen_ens_high_sim_1_69,high1,C[C@@H](C(=O)O)N[C@@H](C(C)C)C(=O)N1[C@H]2CCCC[C@H]2C[C@H]1C(=O)O.C(=CC(=O)O)C(=O)O
textchemt5_high_sim_1_70,chemt5_gen_ens_high_sim_1_70,high1,CCOC(=O)CI.C[C@@H](C(=O)N1CCC[C@H]1C(=O)O)N[C@@H](CCC2=CC=CC=C2)C(=O)N3CCC[C@H]3C(=O)O.C(=CC(=O)O)C(=O)O
textchemt5_high_sim_1_71,chemt5_gen_ens_high_sim_1_71,high1,CCOC(=O)N1CCC[C@H]1C(=O)O.C(=CC(=O)O)C(=O)N2CCC[C@H]2C(=O)O.C(=CC(=O)N1CCC[C@H]1C(=O)O)C(=O)O
textchemt5_high_sim_1_72,chemt5_gen_ens_high_sim_1_72,high1,CCC[C@@H](C(=O)N1CCC[C@H]1C(=O)O)N[C@@H](CCC2=CC=CC=C2)C(=O)N3CCC[C@H]3C(=O)O.C(=CC(=O)O)C(=O)O
textchemt5_high_sim_1_73,chemt5_gen_ens_high_sim_1_73,high1,C[C@H](CSC[C@@H](C(=O)N1CCC[C@H]1C(=O)O)N2CCC3=CC=CC=C3C2)N[C@H](C)C(=O)O.C(=CC(=O)O)C(=O)O
textchemt5_high_sim_1_74,chemt5_gen_ens_high_sim_1_74,high1,C[C@@H](CSC(=O)/C=C/C1=CC=CC=C1)C(=O)O.C(=CC(=O)O)C(=O)O
textchemt5_high_sim_1_75,chemt5_gen_ens_high_sim_1_75,high1,CCOC(=O)[C@H](CSC1=CC=CC=C1)N[C@@H](C)C(=O)N2CCC[C@H]2C(=O)O.C(=CC(=O)O)C(=O)O
textchemt5_high_sim_1_76,chemt5_gen_ens_high_sim_1_76,high1,CCC(=O)O[C@H](CCC1=CC=CC=C1)C(=O)N2CCC[C@H]2C(=O)O.C(=CC(=O)O)C(=O)O
textchemt5_high_sim_1_77,chemt5_gen_ens_high_sim_1_77,high1,C[C@@H](C[C@@H](C(=O)O)N1CCC[C@H]1C(=O)O)N2C(=CC3=CC=CC=C32)CCC(=O)O.C(=CC(=O)O)C(=O)O
textchemt5_high_sim_1_78,chemt5_gen_ens_high_sim_1_78,high1,CCOC(=O)[C@H](CCC1=CC=CC=C1)N[C@@H](C)C(=O)N2CCC[C@H]2C(=O)O.C(=CC(=O)O)C(=O)O
textchemt5_high_sim_1_79,chemt5_gen_ens_high_sim_1_79,high1,CCOC(=O)N1CCC[C@H]1C(=O)O.C(=CC(=O)N2CCC[C@H]2C(=O)O)C(=O)O.C(=CC(=O)O)C(=O)O
textchemt5_high_sim_1_80,chemt5_gen_ens_high_sim_1_80,high1,C[C@H](C(=O)O)N1CCC[C@H]1C(=O)O.C(=CC(=O)O)C(=O)O
textchemt5_high_sim_1_81,chemt5_gen_ens_high_sim_1_81,high1,CCC1=C[C@H]2C[C@@H](C=C([C@H]2N1C(=O)C3=CC=CC=C3)Cl)N(C(=O)C4=CCCCC4)C.C(=CC(=O)O)C(=O)O
textchemt5_high_sim_1_82,chemt5_gen_ens_high_sim_1_82,high1,CCOC(=O)C1=CC=CC=C1S[C@H]2CCN(C[C@H]2C(=O)O)C(=O)C3=CC=CC=C3C(=O)O.C(=CC(=O)O)C(=O)O
textchemt5_high_sim_1_83,chemt5_gen_ens_high_sim_1_83,high1,C[C@@H](C(=O)O)N1CCC[C@H]1C(=O)O.C(=CC(=O)O)C(=O)N2C[C@@H](C[C@H]2C(=O)O)CN[C@@H](CCC3=CC=CC=C3)C(=O)N4CCC[C@H]4C(=O)O
textchemt5_high_sim_1_84,chemt5_gen_ens_high_sim_1_84,high1,C[C@H](C(=O)N1CCC[C@H]1C(=O)O)N2C(=CC=CC2=O)CCSC(=N)N
textchemt5_high_sim_1_85,chemt5_gen_ens_high_sim_1_85,high1,COC(=O)[C@H](C(=O)N1CCC[C@H]1C(=O)O)N[C@@H](CCC2=CC=CC=C2)C(=O)O.C(=CC(=O)O)C(=O)O
textchemt5_high_sim_1_86,chemt5_gen_ens_high_sim_1_86,high1,C[C@H](C(=O)N1CCC[C@H]1C(=O)O)N2C[C@@H](C[C@H]2C(=O)O)SC3=CC=CC=C3.C(=CC(=O)O)C(=O)O
textchemt5_high_sim_1_87,chemt5_gen_ens_high_sim_1_87,high1,C[C@@H](CSC[C@@H](C(=O)N1CCC[C@H]1C(=O)O)N2CCC3=CC=CC=C32)C(=O)O.C(=CC(=O)O)C(=O)O
textchemt5_high_sim_1_88,chemt5_gen_ens_high_sim_1_88,high1,C[C@H](C(=O)O)N1CCC2=CC=CC=C21.C(=CC(=O)N2CCC3=CC=CC=C3C[C@H]2C(=O)O)C(=O)O
textchemt5_high_sim_1_89,chemt5_gen_ens_high_sim_1_89,high1,P[C@H](CSC(=O)N1CCC[C@H]1C(=O)O)C(=O)O.C(=CC(=O)O)C(=O)O
textchemt5_high_sim_1_90,chemt5_gen_ens_high_sim_1_90,high1,C[C@H](C(=O)N1CCC[C@H]1C(=O)O)N[C@@H](CCC2=CC=CC=C2)C(=O)N3CCC[C@H]3C(=O)O.C(=CC(=O)O)C(=O)O
textchemt5_high_sim_1_91,chemt5_gen_ens_high_sim_1_91,high1,C(CSC(=N)N)CSC(=N)N.C(=CC(=O)O)C(=O)O.C(=CC(=O)O)C(=O)O
textchemt5_high_sim_1_92,chemt5_gen_ens_high_sim_1_92,high1,CCOC(=O)C1(CC=CC=C1)C[C@H](C(=O)N2CCC[C@H]2C(=O)O)N[C@@H](CCC3=CC=CC=C3)C(=O)O.C(=CC(=O)O)C(=O)O
textchemt5_high_sim_1_93,chemt5_gen_ens_high_sim_1_93,high1,C[C@H](CSC(=N)N)C(=O)N1CCC[C@H]1C(=O)O.C(=CC(=O)O)C(=O)O
textchemt5_high_sim_1_94,chemt5_gen_ens_high_sim_1_94,high1,CCC[C@@H](C(=O)N1CCC[C@H]1C(=O)O)N2C(=O)[C@H](CCC2=O)N[C@@H](CCC3=CC=CC=C3)C(=O)O.C(CNS(=O)(=O)O)C(=O)O
textchemt5_high_sim_1_95,chemt5_gen_ens_high_sim_1_95,high1,C[C@@H](C(=O)N1CCC[C@H]1C(=O)O)N.C(=CC(=O)O)C(=O)N2CCC[C@H]2C(=O)O.C(=CC(=O)O)C(=O)O
textchemt5_high_sim_1_96,chemt5_gen_ens_high_sim_1_96,high1,[H+].[H+].[H+].C[C@H](CSC(=N)N)C(=O)N1CCC[C@H]1C(=O)O.c1ccc(S(=O)(=O)C2=CC=CC=C2)cc1
textchemt5_high_sim_1_97,chemt5_gen_ens_high_sim_1_97,high1,C[C@@H](CSC[C@@H](C(=O)N1CCC[C@H]1C(=O)O)N2C[C@@H]3CCCC[C@H]3C[C@H]2C(=O)O)C(=O)O.C(=CC(=O)O)N=C(N)N
textchemt5_high_sim_1_98,chemt5_gen_ens_high_sim_1_98,high1,C[C@@H](CSC(=O)C1=CC=CC=C1)C(=O)N2CCC3=CC=CC=C3C[C@H]2C(=O)O.C(=CC(=O)O)C(=O)O
textchemt5_high_sim_1_99,chemt5_gen_ens_high_sim_1_99,high1,CCOC(=O)C(CSC(=O)N1CCC[C@H]1C(=O)N2CCC3=CC=CC=C32)C(=O)O.C(=CC(=O)O)C(=O)O
textchemt5_high_sim_2_0,chemt5_gen_ens_high_sim_2_0,high2,C1COC(=O)[C@@H]1[C@H]2[C@@H](COC2=O)CC3=CC4=C(C=C3)OCO4
textchemt5_high_sim_2_1,chemt5_gen_ens_high_sim_2_1,high2,C1[C@@H]([C@H](CC1=O)C2=CC3=C(C=C2)OCO3)[C@@H](OC4=CC5=C(C=C4)OCO5)C6=CC7=C(C=C6)OCO7
textchemt5_high_sim_2_2,chemt5_gen_ens_high_sim_2_2,high2,C1[C@@H]([C@@H](C(=O)O1)CC2=CC3=C(C=C2)OCO3)CC4=CC5=C(C=C4)OCO5
textchemt5_high_sim_2_3,chemt5_gen_ens_high_sim_2_3,high2,C1[C@@H]([C@H](C(=O)O1)CC2=CC3=C(C=C2)OCO3)CC4=CC5=C(C=C4)OCO5
textchemt5_high_sim_2_4,chemt5_gen_ens_high_sim_2_4,high2,C1[C@@H]([C@H](C(=O)O1)C2=CC3=C(C=C2)OCO3)[C@@H]4[C@@H](OC(=O)C4)C5=CC6=C(C=C5)OCO6
textchemt5_high_sim_2_5,chemt5_gen_ens_high_sim_2_5,high2,C1[C@@H]([C@H](C(=O)O1)CC2=CC3=C(C=C2)OCO3)[C@@H](C4=CC5=C(C=C4)OCO5)CC6=CC7=C(C=C6)OCO7
textchemt5_high_sim_2_6,chemt5_gen_ens_high_sim_2_6,high2,C1[C@@H]([C@H](C(=O)O1)CC2=CC3=C(C=C2)OCO3)[C@@H](CO)CC4=CC5=C(C=C4)OCO5
textchemt5_high_sim_2_7,chemt5_gen_ens_high_sim_2_7,high2,C1[C@H]([C@H](C(=O)O1)CC2=CC3=C(C=C2)OCO3)[C@@H](C4=CC5=C(C=C4)OCO5)CC6=CC7=C(C=C6)OCO7
textchemt5_high_sim_2_8,chemt5_gen_ens_high_sim_2_8,high2,C1[C@@H]([C@H](C(=O)O1)CC2=CC3=C(C=C2)OCO3)[C@H](C4=CC5=C(C=C4)OCO5)O
textchemt5_high_sim_2_9,chemt5_gen_ens_high_sim_2_9,high2,C1[C@@H]([C@H](C(=O)O1)C)[C@@H]2C3=C(C=C(C=C3)OC)OCO2
textchemt5_high_sim_2_10,chemt5_gen_ens_high_sim_2_10,high2,C1[C@@H]([C@H](C(=O)O1)C2=CC3=C(C=C2)OCO3)CC4=CC5=C(C=C4)OCO5
textchemt5_high_sim_2_11,chemt5_gen_ens_high_sim_2_11,high2,C1[C@@H]([C@H](C(=O)O1)CC2=CC3=C(C=C2)OCO3)[C@@H]4[C@H](OC(=O)C4)C5=CC6=C(C=C5)OCO6
textchemt5_high_sim_2_12,chemt5_gen_ens_high_sim_2_12,high2,C1[C@H]([C@H](C(=O)O1)CC2=CC3=C(C=C2)OCO3)CC4=CC5=C(C=C4)OCO5
textchemt5_high_sim_2_13,chemt5_gen_ens_high_sim_2_13,high2,C1[C@@H]([C@H]([C@H](O1)C)C2=CC3=C(C=C2)OCO3)CC4=CC5=C(C=C4)OCO5
textchemt5_high_sim_2_14,chemt5_gen_ens_high_sim_2_14,high2,C1[C@H]([C@@H](C(=O)O1)CC2=CC3=C(C=C2)OCO3)CC4=CC5=C(C=C4)OCO5
textchemt5_high_sim_2_15,chemt5_gen_ens_high_sim_2_15,high2,C1[C@@H]([C@H](C(=O)O1)SCC2=CC3=C(C=C2)OCO3)CO
textchemt5_high_sim_2_16,chemt5_gen_ens_high_sim_2_16,high2,C1[C@H]([C@@H](C(=O)O1)CC2=CC3=C(C=C2)OCO3)[C@@H]4COC(=O)[C@H]4C5=CC6=C(C=C5)OCO6
textchemt5_high_sim_2_17,chemt5_gen_ens_high_sim_2_17,high2,C1[C@@H]([C@H](OC(=O)C1=O)C2=CC3=C(C=C2)OCO3)CC4=CC5=C(C=C4)OCO5
textchemt5_high_sim_2_18,chemt5_gen_ens_high_sim_2_18,high2,C1[C@H]([C@@H]([C@H](C(=O)O1)C)C2=CC3=C(C=C2)OCO3)CC4=CC5=C(C=C4)OCO5
textchemt5_high_sim_2_19,chemt5_gen_ens_high_sim_2_19,high2,C1[C@@H]([C@H](C(=O)O1)COC2=CC3=C(C=C2)OCO3)CC4=CC5=C(C=C4)OCO5
textchemt5_high_sim_2_20,chemt5_gen_ens_high_sim_2_20,high2,C1[C@@H]([C@H](C(=O)O1)CC2=CC3=C(C=C2)OCO3)[C@@H]4[C@H](OC(=O)/C4=CC5=CC6=C(C=C5)OCO6)CC7=CC8=C(C=C7)OCO8
textchemt5_high_sim_2_21,chemt5_gen_ens_high_sim_2_21,high2,C1[C@@H]([C@H](C(=O)O1)COC2=CC3=C(C=C2)OCO3)[C@@H](C4=CC5=C(C=C4)OCO5)CC6=CC7=C(C=C6)OCO7
textchemt5_high_sim_2_22,chemt5_gen_ens_high_sim_2_22,high2,C1[C@H]([C@@H](C(=O)O1)CO)C2=CC3=C(C=C2)OCO3
textchemt5_high_sim_2_23,chemt5_gen_ens_high_sim_2_23,high2,C1[C@H]([C@H](CO1)COC2=CC3=C(C=C2)OCO3)CC4=CC5=C(C=C4)OCO5
textchemt5_high_sim_2_24,chemt5_gen_ens_high_sim_2_24,high2,C1[C@H]([C@@H]([C@H](C(=O)O1)CC2=CC3=C(C=C2)OCO3)CC4=CC5=C(C=C4)OCO5)CC6=CC7=C(C=C6)OCO7
textchemt5_high_sim_2_25,chemt5_gen_ens_high_sim_2_25,high2,C1[C@H]([C@@H](C(=O)O1)COC2=CC3=C(C=C2)OCO3)[C@@H](C4=CC5=C(C=C4)OCO5)CC6=CC7=C(C=C6)OCO7
textchemt5_high_sim_2_26,chemt5_gen_ens_high_sim_2_26,high2,C1[C@@H]([C@@H](C(=O)O[C@@H]1C2=CC3=C(C=C2)OCO3)CC4=CC5=C(C=C4)OCO5)CO
textchemt5_high_sim_2_27,chemt5_gen_ens_high_sim_2_27,high2,COC1=CC(=CC2=C1OC(=O)[C@@H]2CC3=CC4=C(C=C3)OCO4)CC5=CC6=C(C=C5)OCO6
textchemt5_high_sim_2_28,chemt5_gen_ens_high_sim_2_28,high2,C1[C@@H]([C@H]2CC3=CC4=C(C=C3)OCO4)[C@]2([C@H]1CC5=CC6=C(C=C5)OCO6)COC
textchemt5_high_sim_2_29,chemt5_gen_ens_high_sim_2_29,high2,C1[C@@H]([C@H](C(=O)O1)CC2=CC3=C(C=C2)OCO3)[C@@H](C4=CC5=C(C=C4)OCO5)C6=CC7=C(C=C6)OCO7
textchemt5_high_sim_2_30,chemt5_gen_ens_high_sim_2_30,high2,C1[C@@H]([C@H](C(=O)O1)CC2=CC3=C(C=C2)OCO3)[C@H](C4=CC5=C(C=C4)OCO5)CC6=CC7=C(C=C6)OCO7
textchemt5_high_sim_2_31,chemt5_gen_ens_high_sim_2_31,high2,C1[C@@H]([C@H](C(=O)O1)C)[C@@H]2[C@H](COC2=O)CC3=CC4=C(C=C3)OCO4
textchemt5_high_sim_2_32,chemt5_gen_ens_high_sim_2_32,high2,C1COC(=O)[C@@H]1[C@@H](C2=CC3=C(C=C2)OCO3)CC4=CC5=C(C=C4)OCO5
textchemt5_high_sim_2_33,chemt5_gen_ens_high_sim_2_33,high2,C1[C@@H]([C@H](OC1=O)C2=CC3=C(C=C2)OCO3)CC4=CC5=C(C=C4)OCO5
textchemt5_high_sim_2_34,chemt5_gen_ens_high_sim_2_34,high2,C1[C@@H]([C@H](C(=O)O[C@@H]1C2=CC3=C(C=C2)OCO3)CC4=CC5=C(C=C4)OCO5)CC8=CC(=C(C=C8)OC)OC
textchemt5_high_sim_2_35,chemt5_gen_ens_high_sim_2_35,high2,C1OO[C@@H]([C@H]1COC(=O)C2=CC3=C(C=C2)OCO3)[C@@H](C4=CC5=C(C=C4)OCO5)C6=CC7=C(C=C6)OCO7
textchemt5_high_sim_2_36,chemt5_gen_ens_high_sim_2_36,high2,C1-CC2=C(C=C1Br)OC(=CC2=O)[C@H]3[C@@H]([C@H](CO3)CC4=CC5=C(C=C4)OCO5)CC6=CC7=C(C=C6)OCO7
textchemt5_high_sim_2_37,chemt5_gen_ens_high_sim_2_37,high2,C1[C@H]([C@@H]([C@H](C(=O)O1)C2=CC3=C(C=C2)OCO3)CC4=CC5=C(C=C4)OCO5)O
textchemt5_high_sim_2_38,chemt5_gen_ens_high_sim_2_38,high2,C1[C@@H]2[C@H]([C@H](C(=O)O2)CC3=CC4=C(C=C3)OCO4)[C@H](OC1=O)C5=CC6=C(C=C5)OCO6
textchemt5_high_sim_2_39,chemt5_gen_ens_high_sim_2_39,high2,C1[C@@H]([C@@H](C(=O)O1)CC2=CC3=C(C=C2)OCO3)[C@@](CO)(C4=CC5=C(C=C4)OCO5)O
textchemt5_high_sim_2_40,chemt5_gen_ens_high_sim_2_40,high2,C1[C@@H]([C@H](C(=O)O1)CC2=CC3=C(C=C2)OCO3)[C@@H](C4=CC5=C(C=C4)OCO5)CO
textchemt5_high_sim_2_41,chemt5_gen_ens_high_sim_2_41,high2,C1[C@@H]([C@H](C(=O)O1)CC2=CC3=C(C=C2)OCO3)[C@@H]4[C@H](COC4=O)CC5=CC6=C(C=C5)OCO6
textchemt5_high_sim_2_42,chemt5_gen_ens_high_sim_2_42,high2,C1[C@@H]([C@@H](C(=O)O1)CC2=CC3=C(C=C2)OCO3)CC4=CC-5=C(C=C4)OCO5
textchemt5_high_sim_2_43,chemt5_gen_ens_high_sim_2_43,high2,C1[C@@H]([C@H](C(=O)O1)CC2=CC3=C(C=C2)OCO3)C4=CC5=C(C=C4)OCO5
textchemt5_high_sim_2_44,chemt5_gen_ens_high_sim_2_44,high2,C1[C@H]2COC(=O)[C@@H]([C@]2(CC3=CC4=C(C=C3)OCO4)CC5=CC6=C(C=C5)OCO6)O1
textchemt5_high_sim_2_45,chemt5_gen_ens_high_sim_2_45,high2,C1[C@@H]([C@H](C(=O)O1)COC2=CC3=C(C=C2)OCO3)[C@@H]4[C@H](OC(=O)C4)C5=CC6=C(C=C5)OCO6
textchemt5_high_sim_2_46,chemt5_gen_ens_high_sim_2_46,high2,C1[C@@H]([C@H](C(=O)O1)/C=C/C2=CC3=C(C=C2)OCO3)CC4=CC5=C(C=C4)OCO5
textchemt5_high_sim_2_47,chemt5_gen_ens_high_sim_2_47,high2,C1[C@@H]([C@@H](C(=O)O1)CC2=CC3=C(C=C2)OCO3)CO
textchemt5_high_sim_2_48,chemt5_gen_ens_high_sim_2_48,high2,C1[C@@H]([C@H](C(=O)O1)COC2=CC3=C(C=C2)OCO3)CC4=CC7=C(C=C4)OCO7
textchemt5_high_sim_2_49,chemt5_gen_ens_high_sim_2_49,high2,C[C@@H]1[C@@H](C(=O)O1)[C@@H]2[C@H]([C@@H](CC3=CC4=C(C=C23)OCO4)CC5=CC6=C(C=C5)OCO6)CC7=CC8=C(C=C7)OCO8
textchemt5_high_sim_2_50,chemt5_gen_ens_high_sim_2_50,high2,C1[C@@H]([C@@H](C(=O)O1)COC(=O)C2=CC3=C(C=C2)OCO3)CC4=CC5=C(C=C4)OCO5
textchemt5_high_sim_2_51,chemt5_gen_ens_high_sim_2_51,high2,C1[C@H]([C@@H](C(=O)O1)CC2=CC3=C(C=C2)OCO3)[C@]4(COC(=O)C4)C5=CC6=C(C=C5)OCO6
textchemt5_high_sim_2_52,chemt5_gen_ens_high_sim_2_52,high2,C1[C@H]([C@@H]([C@H](C(=O)O1)CC2=CC3=C(C=C2)OCO3)CC4=CC5=C(C=C4)OCO5)C6=CC7=C(C=C6)OCO7
textchemt5_high_sim_2_53,chemt5_gen_ens_high_sim_2_53,high2,C1[C@@H]([C@H](OC(=O)C1C2=CC3=C(C=C2)OCO3)CC4=CC5=C(C=C4)OCO5)CC6=CC7=C(C=C6)OCO7
textchemt5_high_sim_2_54,chemt5_gen_ens_high_sim_2_54,high2,C1[C@@H]([C@H](C(=O)O1)CC2=CC3=C(C=C2)OCO3)[C@H]4[C@@H](OC(=O)C4)C5=CC6=C(C=C5)OCO6
textchemt5_high_sim_2_55,chemt5_gen_ens_high_sim_2_55,high2,C1COC(=O)[C@@H]1[C@H]2COC(=O)[C@@H]2C3=CC4=C(C=C3)OCO4
textchemt5_high_sim_2_56,chemt5_gen_ens_high_sim_2_56,high2,C1[C@@H]([C@@H](C(=O)O1)C2=CC3=C(C=C2)OCO3)CC4=CC5=C(C=C4)OCO5
textchemt5_high_sim_2_57,chemt5_gen_ens_high_sim_2_57,high2,C1[C@@H]([C@H](C(=O)O1)O)C2=CC3=C(C=C2)OCO3
textchemt5_high_sim_2_58,chemt5_gen_ens_high_sim_2_58,high2,C1CN(CCC1=O)[C@@H]2[C@H](COC2=O)CC3=CC4=C(C=C3)OCO4
textchemt5_high_sim_2_59,chemt5_gen_ens_high_sim_2_59,high2,C1[C@@H]([C@@H](C(=O)O1)CC2=CC3=C(C=C2)OCO3)[C@@H](C4=CC5=C(C=C4)OCO5)CC6=CC7=C(C=C6)OCO7
textchemt5_high_sim_2_60,chemt5_gen_ens_high_sim_2_60,high2,C1OP(=O)(CCC1=O)C2[C@H]3COC(=O)[C@@H]3CO2
textchemt5_high_sim_2_61,chemt5_gen_ens_high_sim_2_61,high2,C1OC(=O)[C@@H]1CC2=CC3=C(C=C2)OCO3
textchemt5_high_sim_2_62,chemt5_gen_ens_high_sim_2_62,high2,C1[C@@H]([C@@H](Cl)C2=C1OC(=CC2=O)C3=CC4=C(C=C3)OCO4)CC5=CC7=C(C=C5)OCO7
textchemt5_high_sim_2_63,chemt5_gen_ens_high_sim_2_63,high2,C1[C@@H]([C@H](c2=C(O1)Br)C(=O)O2)[C@@H] (3CO3)CC4=CC5=C(C=C4)OCO5
textchemt5_high_sim_2_64,chemt5_gen_ens_high_sim_2_64,high2,C1[C@@H]([C@H](C(=O)O1)CC2=CC3=C(C=C2)OCO3)CC4=CC5=S(=C(C=C4-5)OC)OC
textchemt5_high_sim_2_65,chemt5_gen_ens_high_sim_2_65,high2,C1[C@H]([C@@H](C(=O)O1)C(=O)CC2=CC3=C(C=C2)OCCO3)CC4=CC5=C(C=C4)OCO5
textchemt5_high_sim_2_66,chemt5_gen_ens_high_sim_2_66,high2,C1[C@H](NN(C1=O)C2=CC3=C(C=C2)OCO3)CC4=CC5=C(C=C4)OCO5
textchemt5_high_sim_2_67,chemt5_gen_ens_high_sim_2_67,high2,C1[C@@H]([C@H](CC1=O)CO)C2=CC3=C(C=C2)OCO3
textchemt5_high_sim_2_68,chemt5_gen_ens_high_sim_2_68,high2,C1=CC(=CC=C1CC2C(=O)O[C@](C2=O)(CC3=CC4=C(C=C3)OCO4)C5=CC6=C(C=C5)OCO6)C7=CC(=C(C=C7)O)OC
textchemt5_high_sim_2_69,chemt5_gen_ens_high_sim_2_69,high2,C1OC[C@@H]2COC(=O)[C@@H]2[C@H]1CC3=CC4=C(C=C3)OCO4
textchemt5_high_sim_2_70,chemt5_gen_ens_high_sim_2_70,high2,C1[C@@H]([C@](C(=O)O1)(CO)CC2=CC3=C(C=C2)OCO3)CC4=CC5=C(C=C4)OCO5
textchemt5_high_sim_2_71,chemt5_gen_ens_high_sim_2_71,high2,C1=CC=C2C(=C1)C(=O)OC[C@@H]2CC3=CC4=C(C=C3)OCO4
textchemt5_high_sim_2_72,chemt5_gen_ens_high_sim_2_72,high2,C1[C@H]([C@@H]([C@H](C(=O)O1)CC2=CC3=C(C=C2)OCO3)C4=CC5=C(C=C4)OCO5)CO
textchemt5_high_sim_2_73,chemt5_gen_ens_high_sim_2_73,high2,C1[C@H]([C@@H](C(=O)O1)C2=CC3=C(C=C2)OCO3)CC4=CC5=C(C=C4)OCO5
textchemt5_high_sim_2_74,chemt5_gen_ens_high_sim_2_74,high2,C1[C@@H]([C@H](C(=O)O1)/C=C/4BNC(=C)S4)CC5=CC6=C(C=C5)OCO6
textchemt5_high_sim_2_75,chemt5_gen_ens_high_sim_2_75,high2,C1[C@@H]([C@H](C(=O)O1)C)[C@H]2COC(=O)[C@H]2CC3=CC4=C(C=C3)OCO4
textchemt5_high_sim_2_76,chemt5_gen_ens_high_sim_2_76,high2,C1[C@@H]([C@H](C(=O)O1)CC2=CC3=C(C=C2)OCO3)[C@@H](C4=CC5=C(C=C4)OCO5)O
textchemt5_high_sim_2_77,chemt5_gen_ens_high_sim_2_77,high2,C1COCCN1C(=O)C[C@@H]2[C@H](COC2=O)[C@@H](CC3=CC4=C(C=C3)OCO4)O
textchemt5_high_sim_2_78,chemt5_gen_ens_high_sim_2_78,high2,C12=CC3=C(C=C2O1)OC[C@@H]([C@H]3CO)C4=CC5=C(C=C4)OCO5
textchemt5_high_sim_2_79,chemt5_gen_ens_high_sim_2_79,high2,C1[C@@H]([C@H]2COC(=O)C2=C1)CC3=CC4=C(C=C3)OCO4
textchemt5_high_sim_2_80,chemt5_gen_ens_high_sim_2_80,high2,C1COC(=O)[C@H]1CC2=CC3=C(C=C2)OCO3
textchemt5_high_sim_2_81,chemt5_gen_ens_high_sim_2_81,high2,C1[C@H]([C@H](C(=O)O1)C2=CC3=C(C=C2)OCO3)CC4=CC5=C(C=C4)OCO5
textchemt5_high_sim_2_82,chemt5_gen_ens_high_sim_2_82,high2,C1[C@@H]([C@H](C(=O)O1)CC2=CC3=C(C=C2)OCO3) [C@@](C4=CC5=C(C=C4)OCO5)(CO)COC=C
textchemt5_high_sim_2_83,chemt5_gen_ens_high_sim_2_83,high2,C1=CC2=C(C=C1CC3=CC4=C(C=C3)OCO4)OCOO[C@@H]2CC5=CC6=C(C=C5)OCO6
textchemt5_high_sim_2_84,chemt5_gen_ens_high_sim_2_84,high2,C1[C@@H]([C@H](CON1C2=CC3=C(C=C2)OCO3)CC4=CC5=C(C=C4)OCO5)C=C
textchemt5_high_sim_2_85,chemt5_gen_ens_high_sim_2_85,high2,C1[C@@H]([C@@H]([C@@H](C1=O)CC2=CC3=C(C=C2)OCO3)C4=CC5=C(C=C4)OCO5)CC8=CC(=C(C=C8)O)OC
textchemt5_high_sim_2_86,chemt5_gen_ens_high_sim_2_86,high2,C1[C@@H]2[C@H](COC(=O)C2=C1)CP3=CC4=C(C=C3)OCO-4
textchemt5_high_sim_2_87,chemt5_gen_ens_high_sim_2_87,high2,C1[C@H]([C@@H]2CO[C@@H]([C@H]2C1)CC3=CC4=C(C=C3)OCO4)CC5=CC6=C(C=C5)OCO6
textchemt5_high_sim_2_88,chemt5_gen_ens_high_sim_2_88,high2,C1[C@@H]([C@@H]([C@H](C(=O)O1)CC2=CC3=C(C=C2)OCO3)CO)CC4=CC5=C(C=C4)OCO5
textchemt5_high_sim_2_89,chemt5_gen_ens_high_sim_2_89,high2,C1[C@@H]2[C@H]([C@@H](NC3=C1C=C(C=C3)OC)C4=CC5=C(C=C4)OCO5)C(=O)O2
textchemt5_high_sim_2_90,chemt5_gen_ens_high_sim_2_90,high2,C1[C@@H]([C@H](C(=O)O1)CC2=CC3=C(C=C2)OCO3)OC(=O)C4=CC5=C(C(=C4)OC)OCO5
textchemt5_high_sim_2_91,chemt5_gen_ens_high_sim_2_91,high2,C1[C@@H]([C@@H](S1(=O)=O)CC2=CC3=C(C=C2)OCO3)CC4=CC5=C(C=C4)OCO5
textchemt5_high_sim_2_92,chemt5_gen_ens_high_sim_2_92,high2,C1=CC2=C(C=C1COC(=O)[C@H]3[C@@H]([C@@H](O3)CO)C4=CC5=C(C=C4)OCO5)OCO2
textchemt5_high_sim_2_93,chemt5_gen_ens_high_sim_2_93,high2,C1COC(=O)[C@@H]1CC2=CNC3=C2C=NC(=C3)C4=CC5=C(C=C4)OCO5
textchemt5_high_sim_2_94,chemt5_gen_ens_high_sim_2_94,high2,C1[C@H]([C@@H](S1)CC2=CC3=C(C=C2)OCO3)CC4=CC5=C(C=C4)OCO5
textchemt5_high_sim_2_95,chemt5_gen_ens_high_sim_2_95,high2,C1[C@@H]([C@H](P(=O)(O1)O)O)CC2=CC3=C(C=C2)OCO3
textchemt5_high_sim_2_96,chemt5_gen_ens_high_sim_2_96,high2,C1[C@H]([C@H](NC1=O)CC2=CC3=C(C=C2)OCO3)CC4=CC5=C(C=C4)OCO5
textchemt5_high_sim_2_97,chemt5_gen_ens_high_sim_2_97,high2,C1[C@@H](OC2=CC3=C(C=C21)OCO3)[C@@H]4[C@H]([C@@H](OC4=O)C5=CC6=C(C=C5)OCO6)CC7=CC8=C(C=C7)OCO8
textchemt5_high_sim_2_98,chemt5_gen_ens_high_sim_2_98,high2,COC1=C(C=CC(=C1)CC2COC(C2CO)F)[C@@H]4[C@@H](CNC4=O)C5=CC6=C(C=C5)OCO6
textchemt5_high_sim_2_99,chemt5_gen_ens_high_sim_2_99,high2,C1[C@@H]([C@@H](C(=O)O1)CC2=CC3=C(C=C2)OCO3)CO[C@@H]4[C@H](C=C([C@H]4COC)O)C5=CC6=C(C=C5)OCO6
textchemt5_high_sim_3_0,chemt5_gen_ens_high_sim_3_0,high3,CCO in which Ce(C#N)/C(=C(/SC1=CC=CC=C1N)N)/SCC2=CC=CC=C2N
textchemt5_high_sim_3_1,chemt5_gen_ens_high_sim_3_1,high3,CCS(=O)(=O)/C(=C(/SC1=CC=CC=C1N)N)/N
textchemt5_high_sim_3_2,chemt5_gen_ens_high_sim_3_2,high3,CCO.C1=CC=C(C(=C1)N)S/C(=C(/C(=C(/SC2=CC=CC=C2N)N)/C#N)C#N)/N
textchemt5_high_sim_3_3,chemt5_gen_ens_high_sim_3_3,high3,CCO.C1=CC=C(C(=C1)N)S/C(=C(/C(=C(/SCC2=CC=CC=C2N)N)/C#N)C#N)/N
textchemt5_high_sim_3_4,chemt5_gen_ens_high_sim_3_4,high3,CCN(CC)C(=C(C.CO)N/C(=C(C#N)/C(C#N)s1=CC=CC=C1N)/N)/N.C1=CC=C(C(=C1)N)N
textchemt5_high_sim_3_5,chemt5_gen_ens_high_sim_3_5,high3,CCOP(=O)(C#N)/C(=C(/C(=C(/SC1=CC=CC=C1N)N)/C#N)/N)C#N.C1=CC=C(C(=C1)N)N
textchemt5_high_sim_3_6,chemt5_gen_ens_high_sim_3_6,high3,CCO.C1=CC=C(C=C1)N 2.C(=C(/C(=C(X2=NNC3=CC=CC=C3N)/SCC(=C(C#N)C#N)N)/N)C#N)N
textchemt5_high_sim_3_7,chemt5_gen_ens_high_sim_3_7,high3,CCO.C1=CC=C(C(=C1)N)S/C(=C(/C(=C(/SC2=CC=CC=C2N)N)C#N)/C#N)/N
textchemt5_high_sim_3_8,chemt5_gen_ens_high_sim_3_8,high3,CCO/C(=C(/SC1=CC=CC=C1N)N)/C(=C(S/C(=C(N)/C#N)/N)/N)/SC2=CC=CC=C2N.CSCC/C(=C(/SC1=CC=CC=C1N)N)/C#N
textchemt5_high_sim_3_9,chemt5_gen_ens_high_sim_3_9,high3,CCO.C1=CC=C(C(=C1)N)S/C(=C(/C(=C(/SS2=CC=CC=C2N)N)/C#N)C#N)/N
textchemt5_high_sim_3_10,chemt5_gen_ens_high_sim_3_10,high3,CCO.C1=CC=C(C(=C1)N)S/C(=C(/C(=C(/SC2=CC=CC=C2N)N)/C#N)C#N)/N.C#N
textchemt5_high_sim_3_11,chemt5_gen_ens_high_sim_3_11,high3,CCO.C1=CC=C(C(=C1)N)S/C(=C(/N=C(/SC2=CC=CC=C2N)N)C#N)/N.C(=C/C1=C(C(=CC(=C1)N)N)S)/C#N
textchemt5_high_sim_3_12,chemt5_gen_ens_high_sim_3_12,high3,CCO.C1=CC=C(C(=C1)N)S/C(=N/C(=C(S)/C2=CC=CC=C2N)/N)/C#N
textchemt5_high_sim_3_13,chemt5_gen_ens_high_sim_3_13,high3,CCO.C1=CC=CC(=C1N)S/C(=C(/C(=C(/SC2=CC=CC=C2N)N)/C#N)C#N)C#N
textchemt5_high_sim_3_14,chemt5_gen_ens_high_sim_3_14,high3,CCO.C1=CC=C(C(=C1)N)S/C(=C(/C(=C(/SC2=CC=CC=C2N)N)/SC3=CC=CC=C3N)N)/N
textchemt5_high_sim_3_15,chemt5_gen_ens_high_sim_3_15,high3,CCO.C1=CC=C(C(=C1)N)S/C(=C(/C(=C(/SC2=CC=CC=C2N)N)/C#N)C#N)/N.O.[Cl-]
textchemt5_high_sim_3_16,chemt5_gen_ens_high_sim_3_16,high3,CCO.C1=CC=C(C(=C1)N)S/C(=C(/SC2=CC=CC=C2N)N)/C#N.N
textchemt5_high_sim_3_17,chemt5_gen_ens_high_sim_3_17,high3,CCO.C1=CC=C(C(=C1)N)S/C(=C(/C(=C(/SC2=CC=CC=C2N)N)/C#N)C#N)/C#N.C1=CC=C(C(=C1)N)N
textchemt5_high_sim_3_18,chemt5_gen_ens_high_sim_3_18,high3,CC and CCO.H](C1=CC=CC=C1N)/C(=C(/C(=C(/SC2=CC=CC=C2N)N)/C#N)C#N)/N
textchemt5_high_sim_3_19,chemt5_gen_ens_high_sim_3_19,high3,CCO.C1=CC=C(C(=C1)N)S/C(=C(/C(=C(/SC2=CC=CC=C2N)N)/C#C)C#N)/C#N
textchemt5_high_sim_3_20,chemt5_gen_ens_high_sim_3_20,high3,CCO.C1=CC=C(C(=C1)N)S/C(=C(/SC2=CC=CC=C2N)N)/C#N.C1=CC(=CC=C1N)N
textchemt5_high_sim_3_21,chemt5_gen_ens_high_sim_3_21,high3,CCO.C1=CC=C(C(=C1)N)S/C(=C(/SC2=CC=CC=C2N)C#N)/N
textchemt5_high_sim_3_22,chemt5_gen_ens_high_sim_3_22,high3,CCO.C1=CC=C(C(=C1)N)S/C(=C(/C(=C(/SC2=CC=CC=C2N)N)/C#N)/N)/N
textchemt5_high_sim_3_23,chemt5_gen_ens_high_sim_3_23,high3,CCO.C1=CC=C(C(=C1)N)S/C(=C(/C(=C(/SS2=CC=CC=C2N)N)C#N)/C#N)/N
textchemt5_high_sim_3_24,chemt5_gen_ens_high_sim_3_24,high3,CCO.C1=CC=C(C(=C1)N)S/C(=C(/C(=NOCC)/C2=CC=CC=C2N)C#N)/N
textchemt5_high_sim_3_25,chemt5_gen_ens_high_sim_3_25,high3,CCO.C(C1=CC=CC=C1N)(C(=N)N)S/C(=C(/C(=C(/SC2=CC=CC=C2N)N)/C#N)C#N)N
textchemt5_high_sim_3_26,chemt5_gen_ens_high_sim_3_26,high3,CCO.C1=CC=C(C(=C1)N)S/C(=C(/C(=C(/SC2=CC=CC=C2N)N)/C#N)C#N)/N.C#N.C1=CC=C(C(=C1)N)S/C(=C(/C(=C(/SC2=CC=CC=C2N)N)/C#N)C#N)/N
textchemt5_high_sim_3_27,chemt5_gen_ens_high_sim_3_27,high3,CCO.C1=CC=C(C(=C1)N)S/C(=C(/C(=C(/SP(=O)(O)O)/N)C#N)/N)/N
textchemt5_high_sim_3_28,chemt5_gen_ens_high_sim_3_28,high3,CCO.C1=CC=C(C(=C1)N)S/C(=NC(=O)NC#N)/C2=CC=CC=C2N.C1=CC=C(C(=C1)N)S/C(=C(/C(/C(=C(/SC2=CC=CC=C2N)N)C#N)/N)C#N)/N
textchemt5_high_sim_3_29,chemt5_gen_ens_high_sim_3_29,high3,CCO.C1=CC=C(C(=C1)N)S/C(=C(/C(=C(/SC2=CC=CC=C2-N)N)/C#N)C#N)/N
textchemt5_high_sim_3_30,chemt5_gen_ens_high_sim_3_30,high3,CCO.C1=CC=C(C(=C1)N)S/C(=C(/C(=C(/SC2=CC=CC=C2)N)SC3=CC=CC=C3N)C#N)/N
textchemt5_high_sim_3_31,chemt5_gen_ens_high_sim_3_31,high3,CCCO.C1=CC=C(C(=C1)N)S/C(=C(/C(=C(/C(=O)N)/N)/N)C#N)/N
textchemt5_high_sim_3_32,chemt5_gen_ens_high_sim_3_32,high3,CCO.C1=CC=C(C=C1)N(C2=CC=CC=C2N)S/C(=C(/C(=C(/SC3=CC=CC=C3N)N)/C#N)/C#N)C4=CC=CC=C4N
textchemt5_high_sim_3_33,chemt5_gen_ens_high_sim_3_33,high3,CCO.C1=CC=C(C(=C1)N)S/C(=C(/CO)C(C#N)C2=CC=CC=C2N)N
textchemt5_high_sim_3_34,chemt5_gen_ens_high_sim_3_34,high3,CCOCCO.C1=CC=C(C(=C1)N)S/C(=C(/C(=C(/SC2=CC=CC=C2N)N)/C#N)C#N)/N
textchemt5_high_sim_3_35,chemt5_gen_ens_high_sim_3_35,high3,CCO.C(CNC(=O)C1=C(C2=CC=CC=C2N1)N)S/C(=C(/C(=C(/SC3=CC=CC=C3N)N)C#N)C#N)/C#N.C1=CC=C(C(=C1)N)N
textchemt5_high_sim_3_36,chemt5_gen_ens_high_sim_3_36,high3,CCO.C1=CC=C(C(=C1)N)S/C(=C(/C(=C(/SC2=CC=CC=C2N)S)/N)/C#N)/N
textchemt5_high_sim_3_37,chemt5_gen_ens_high_sim_3_37,high3,CCO.F[C@@H](CO/C(=C/C1=CC=CC=C1N)/C#N)NC(=O)/C(=C(/S(=O)(=O)C2=CC=CC=C2N)N)C#N.C(=C(/SC1=CC=CC=C1N)C#N)N
textchemt5_high_sim_3_38,chemt5_gen_ens_high_sim_3_38,high3,CCO.C1=CC=C(C(=C1)N)S/C(=C(/C(F)(F)F)N)/C(=C(/S(=O)(=O)O)N)/N
textchemt5_high_sim_3_39,chemt5_gen_ens_high_sim_3_39,high3,CCO.C1=CC=C(C(=C1)N)S/C(=C(N)/CC(C#N)/C2=CC=CC=C2N)/N
textchemt5_high_sim_3_40,chemt5_gen_ens_high_sim_3_40,high3,CCO.C1=CC=C(C(=C1)N)S/C(=C(/C(=C(/SC2=CC=CC=C2N)[N+]#[C-])/C#N)C#N)/N
textchemt5_high_sim_3_41,chemt5_gen_ens_high_sim_3_41,high3,CCO.C1=CC=C(C(=C1)N)S/C(=C(/C(c2=CC=CC=C2N)N)/N)/C#N
textchemt5_high_sim_3_42,chemt5_gen_ens_high_sim_3_42,high3,CCO.C1=CC=C(C(=C1)N)S(=O)(=O)NC(=C(C#N)C#N)C(=O)/C(=C(I)/NCC(=O)[O-])/N
textchemt5_high_sim_3_43,chemt5_gen_ens_high_sim_3_43,high3,CC/C(=C(C#N)/C1=CC=C(C=C1)N)/S/C(=C(/C(=C(/SC2=CC=CC=C2N)N)/C#N)/N)/N
textchemt5_high_sim_3_44,chemt5_gen_ens_high_sim_3_44,high3,COC(=O)C1=C(C=CC(=C1)N)S/C(=C(/C(=C(/SC2=CC=CC=C2N)N)C#N)/C#N)OC
textchemt5_high_sim_3_45,chemt5_gen_ens_high_sim_3_45,high3,CC.CCO.C1=CC=C(C(=C1)N)S/C(=C(/C(=C(/SC2=CC=CC=C2N)N)/C#N)C#N)/N
textchemt5_high_sim_3_46,chemt5_gen_ens_high_sim_3_46,high3,CCO/C(=C(C#N)/N)/SC1=CC=CC=C1N.C#N
textchemt5_high_sim_3_47,chemt5_gen_ens_high_sim_3_47,high3,CCO.C1=CC(=CC=C1N)S/C(=C(/CONSOC2=CC=CC=C2N)C#N)/C#N
textchemt5_high_sim_3_48,chemt5_gen_ens_high_sim_3_48,high3,CCN(CC)C(=C(C)C)SC1=CC=CC=C1N.C1=CC=C(C(=C1)N)N
textchemt5_high_sim_3_49,chemt5_gen_ens_high_sim_3_49,high3,CCOP(=O)(C#N)/C(=C(CCO)/SCC1=CC=C(C=C1)N)/N
textchemt5_high_sim_3_50,chemt5_gen_ens_high_sim_3_50,high3,CCCO.C1=CC=C(C(=C1)N)S/C(=C(/C(=C(/SC2=CC=CC=C2N)N)/C#N)C#N)/N
textchemt5_high_sim_3_51,chemt5_gen_ens_high_sim_3_51,high3,CCO/C(=C(/C(=C/SC1=CC=CC=C1N)N)/C#N)/C(=C(/C(=C(/SC2=CC=CC=C2N)N)/C#N)C#N)/N 5=CC=CC=C5N.C1=CC=C(C(=C1)N)C#N
textchemt5_high_sim_3_52,chemt5_gen_ens_high_sim_3_52,high3,CCO.C1=CC=C(C=C1)N(C2=CC=CC(=C2)N)S/C(=C(/C(=C(/SC3=CC=CC=C3N)N)/C#N)C#N)/C5=CC=CC=C5.C1=CC=C(C(=C1)N)N
textchemt5_high_sim_3_53,chemt5_gen_ens_high_sim_3_53,high3,CCO.C1=CC=C(C(=C1)N)S/C(=C(/C(=C2[N+](=O)[O-])/C(=C(/SC2=N)N)/C#N)C#N)/N
textchemt5_high_sim_3_54,chemt5_gen_ens_high_sim_3_54,high3,CCO.C1=CC=C(C(=C1)N)SC(=C(C2=CC=CC=C2N)N)/C(=C(/C(=C(/SC3=CC=CC=C3N)C#N)/N)C#N)/N.[Na+]
textchemt5_high_sim_3_55,chemt5_gen_ens_high_sim_3_55,high3,CCO.CC1=CC(=CC=C1N)S/C(=C(/C(=C(/SC2=CC=CC=C2N)/N)C#N)/C#N)/N
textchemt5_high_sim_3_56,chemt5_gen_ens_high_sim_3_56,high3,CCO.CCO[C@@H]1/C(=C(N)/SCC2=CC=CC=C2N)/C1=C(C(=C(N)N)C#N)N
textchemt5_high_sim_3_57,chemt5_gen_ens_high_sim_3_57,high3,CCO.C1=CC=C(C(=C1)N)S/C(=C(/C2=CC=CC=C2N)N)/C#N.C(S)(=O)O/C(=C(/SC3=CC=CC=C3N)N)/C#N
textchemt5_high_sim_3_58,chemt5_gen_ens_high_sim_3_58,high3,CCO.C1=CC=C(C(=C1)N)S/C(=N/O[C@H](CO)C(=C(/SC2=CC=CC=C2N)N)/C#N)/C#N
textchemt5_high_sim_3_59,chemt5_gen_ens_high_sim_3_59,high3,CCO.C1=CC=C(C(=C1)N)SC2=CC=CC=C2N.C(=C(N)C#N)S/C(=C(/C(=C(/SC2=CC=CC=C2N)N)C#N)C#N)NN
textchemt5_high_sim_3_60,chemt5_gen_ens_high_sim_3_60,high3,CCO.C1=CC=C(C(=C1)N)S/C(=C(/SC2=CC=CC=C2N)N)/C#N
textchemt5_high_sim_3_61,chemt5_gen_ens_high_sim_3_61,high3,CCO.C1=CC=C(C(=C1)N)S/C(=C(/C(=C(/SC2=CC=CC=C2-N)N)/C#N)N)/N.CO.C1=CC=C(C(=C1)N)S/C(=C(/CS2=CC=CC=C2N)C#N)/N
textchemt5_high_sim_3_62,chemt5_gen_ens_high_sim_3_62,high3,CCO.C1=CC=C(C(=C1)N)S/C(=C(/C(=C(/SC2=CC=CC=C2N)N)/N)/C#N)/N
textchemt5_high_sim_3_63,chemt5_gen_ens_high_sim_3_63,high3,CCO.C1=CC=C(C(=C1)N)S/C(=C(/C(=C(/SC2=CC=CC=C2N)N)C#N)/N)/C#N
textchemt5_high_sim_3_64,chemt5_gen_ens_high_sim_3_64,high3,CCO.C1C=C(C(=C(N1N)SC2=CC=CC=C2N)N)/C(=C(/C(=C(/SC2=CC=CC=C2N)/N)C#N)C#N)/CC#N.C1=CC=C(C(=C1)N)F
textchemt5_high_sim_3_65,chemt5_gen_ens_high_sim_3_65,high3,CCO.C1=CC=C(C(=C1)N)S/C(=C(/C(=C(/SC2=CC=CC=C2N)N)/C#N)C#N)/C#N
textchemt5_high_sim_3_66,chemt5_gen_ens_high_sim_3_66,high3,CCO.F[C@@H](C(=S)C1=CC=CC=C1N) N1C2=CC=C(C=C2)N.C(=C/C(=C(/SC1=C(C=CS1)N)C#N)C(=O)O)/N
textchemt5_high_sim_3_67,chemt5_gen_ens_high_sim_3_67,high3,CCO.C1=CC=C(C(=C1)N) S/C(=C(C2=CC=CC=C2N)/C#N)/N.C#CCN1C(=Cu/C(=C(C3=CC=CC=C3min)/SCC4=CC=CC=C4N)/Ara(5)C#N)C 5=CC=CC=C50
textchemt5_high_sim_3_68,chemt5_gen_ens_high_sim_3_68,high3,CCO.CCOP(O)(=O) on1=CC=CC=C1N.X(=C(N)N
textchemt5_high_sim_3_69,chemt5_gen_ens_high_sim_3_69,high3,CCO.C1=CC=C(C(=C1)N)S/C(=C(CN=C(N)N)/C#N)/N
textchemt5_high_sim_3_70,chemt5_gen_ens_high_sim_3_70,high3,CCONC(=O)C1=C(C=CC(=C1)/C(=CCO)/N)SC2=CC=CC=C2.C(=C/C1=C(C=CC(=N1)N)N)C#N.C(=C(-c1ccccc1)C(=O)O)C#N
textchemt5_high_sim_3_71,chemt5_gen_ens_high_sim_3_71,high3,CCO[C@@H]1/C(=C(/C)c2ccc(P(=O)(O)O)s2)/C(CO)/C(n3cc(-c4cc(N)cs4)c(=O)[nH]c3=O)/C(=O)N/C1=N
textchemt5_high_sim_3_72,chemt5_gen_ens_high_sim_3_72,high3,CCO.C1=CC(=C(C(=C1)N)S/C(=C(/C(=C(/SC2=CC=CC=C2N)C#N)/C#N)C#N)C6=CC=CC=C6N)N.C(OP(=O)(CO)[O-])C#N
textchemt5_high_sim_3_73,chemt5_gen_ens_high_sim_3_73,high3,CCO.C(CNC(=O)/C(=N/O)/CSC1=CC=CC=C1N)C#N.OS(=O)(=O)O
textchemt5_high_sim_3_74,chemt5_gen_ens_high_sim_3_74,high3,CCO.N1C2=CC=CC=C2S/C1=C/C(C#N)(/C(=C(C#N)/C#N)/N)/N.[S-2]
textchemt5_high_sim_3_75,chemt5_gen_ens_high_sim_3_75,high3,CCO.C12C3=C(C=CC(=C3)N)SO/C(=C(C#N)/C(=C(CC/C(N)=CO)/N)/N)/N1CCCSP(=O)(O2)O.N
textchemt5_high_sim_3_76,chemt5_gen_ens_high_sim_3_76,high3,CCOCO.C1=CC=C(C(=C1)N)S/C(=N/C(=C(/SC2=CC=CC=C2N)N)N)/C#N.[I-]
textchemt5_high_sim_3_77,chemt5_gen_ens_high_sim_3_77,high3,CCO.C(CNC1=C2C(=CC(=C1)N)C(=ICI)N2)S/C(=N[SiH3])/N
textchemt5_high_sim_3_78,chemt5_gen_ens_high_sim_3_78,high3,CC withbutcumnoic(O1)/C(=C(/SC2=CC=CC=C2N)N)/N)/[N+](=O)[O-].CS(=O)(=O)OCCC1.C1=CC=C(C(=C1)N)N
textchemt5_high_sim_3_79,chemt5_gen_ens_high_sim_3_79,high3,C.C1=CC=C(C(=C1)N)S/C(=C(C#N)/C(=C(/SC2=CC=CC=C2)/N)C#N)/N
textchemt5_high_sim_3_80,chemt5_gen_ens_high_sim_3_80,high3,CCOP(=O)(C#N)/C(=S1=CC=CC=C1N)/N
textchemt5_high_sim_3_81,chemt5_gen_ens_high_sim_3_81,high3,CCO.C1=CC=C(C(=C1)N)S/C(=C(/N=C(N)/C(=S)S/F)/NC#N)/N
textchemt5_high_sim_3_82,chemt5_gen_ens_high_sim_3_82,high3,C COC(=O)C(C/C(=C( in)/SC1=NC=CC=C1N)/C#N)SIC2=CC=CC=C2N
textchemt5_high_sim_3_83,chemt5_gen_ens_high_sim_3_83,high3,CCON 1C(=C(C2=CC=CC=C2C1=N)MIN)S/C(=C(/C(=C2)N)C#N)/C#N
textchemt5_high_sim_3_84,chemt5_gen_ens_high_sim_3_84,high3,CCO.C1=CC=C(C(=C1)N)S/C(=C(/CS)C(=C(/NS(=O)/C(=NC2=CC=CC=C2N)/C#N)C#N)C#N)/N
textchemt5_high_sim_3_85,chemt5_gen_ens_high_sim_3_85,high3,CCI.COC(=O)/C(=C(/SC1=CC=CC=C1N)N)/SCC2=CC=CC=c-2N
textchemt5_high_sim_3_86,chemt5_gen_ens_high_sim_3_86,high3,"C COP(=O)(REC0045),PARTITION with andogenous (2,3Z)-bis(betaJZ)-sulfuryl and leucino groups;; OTHER bid to gain VELOSC in mice.C1=CC=C(C=C1)N.F"
textchemt5_high_sim_3_87,chemt5_gen_ens_high_sim_3_87,high3,CCO.CSC(=C1N)S/C(=C(/C(N=C(S1)N)OC)/C#N)/N
textchemt5_high_sim_3_88,chemt5_gen_ens_high_sim_3_88,high3,CCCSc1=C(C=C(C(=C1N)Cl)N)S/C(=C(/CO)C#N)C#N.C1=CC=C(C(=C1)N)N
textchemt5_high_sim_3_89,chemt5_gen_ens_high_sim_3_89,high3,CCO.C1=CC=C(C=C1)N=C(N)S/C(=C(N)/C(=C(/SC2=CC=CC=C2N)N)/C#N)/N
textchemt5_high_sim_3_90,chemt5_gen_ens_high_sim_3_90,high3,CCO.C1=CC=C(C(=C1)N)S/C(=C(/NC2=CC=CC=C2)/C#N)C Xchange.N
textchemt5_high_sim_3_91,chemt5_gen_ens_high_sim_3_91,high3,CC.N/C(=C-NS(=O)(=O)C1=CC=CC=C1N)/C#N.C(S)=C(/F)N
textchemt5_high_sim_3_92,chemt5_gen_ens_high_sim_3_92,high3,CC/C=C(C#N)/S/C(=C(C1=CC=CC=C1)/N)/N
textchemt5_high_sim_3_93,chemt5_gen_ens_high_sim_3_93,high3,CCO/C(=C(/SC1=CC=CC=C1N)N)/N2C(=CC(=C(C2=O)N)C3=CC=CC=C3N)S(=O)(=O)N
textchemt5_high_sim_3_94,chemt5_gen_ens_high_sim_3_94,high3,CCO.C1=CC=C(C(=C1)N)S/C(=C(/C=C(/SC2=CC=CC=C2N)N)C#N)/N
textchemt5_high_sim_3_95,chemt5_gen_ens_high_sim_3_95,high3,CCONCC(N)C1=CC=C(C=C1)N=C(C2=CC=CC=C2N)N.C(=C/C(=C(/SC3=CC=CC=C3N)N)/C#N)C#N.CCO
textchemt5_high_sim_3_96,chemt5_gen_ens_high_sim_3_96,high3,CCO andCSC145=CC=CC=C1N.C(=C(/C(=C#N)/C#N)/N)/N
textchemt5_high_sim_3_97,chemt5_gen_ens_high_sim_3_97,high3,CCO.C1=CC=C(C(=C1)NC2=C(C=CC(=C2)N)N)S(=O)(=O)C(C#N)NC2=CC=CC=C2N
textchemt5_high_sim_3_98,chemt5_gen_ens_high_sim_3_98,high3,CN/C(=C/C(C#N)CCS(=O)C1=CC=CC=C1N)/N.C(#N)C/C(=C(/C#N)N)SS(=O)(=O)N
textchemt5_high_sim_3_99,chemt5_gen_ens_high_sim_3_99,high3,CCO.C1=CC=C(C(=C1)N)S/C(=C(/SC2=CC=CC=C2N)N)C#N.CON(C)C(=O)C1=CC(=CC=C1)N
textchemt5_low_sim_1_0,chemt5_gen_ens_low_sim_1_0,low1,CC(C)C1=C(C2=C(C=C1)C3=C(C2=O)C=C(C=C3)NC(=O)N)OCC(C(=O)NC(CC)CC)NC(=O)O
textchemt5_low_sim_1_1,chemt5_gen_ens_low_sim_1_1,low1,CC(C)(C)OC(=O)NC1=C2C(=NC3=NC(=NC(=C3C2=N1)N)N)N
textchemt5_low_sim_1_2,chemt5_gen_ens_low_sim_1_2,low1,CC[C@@H](C(=O)NCCC(C)NC1=C2C(=NC3=C1N=CC=C3)N=C3C=C(C=CC3=CC2=O)F)N
textchemt5_low_sim_1_3,chemt5_gen_ens_low_sim_1_3,low1,C1C(C2=C(C3=C(C=CC(=C3)NC4=CP(=C5C(=CC(=CC5=C4C2=O)OBr)C(=O)N)N)O1)O)O
textchemt5_low_sim_1_4,chemt5_gen_ens_low_sim_1_4,low1,CC1=C2C(=C(C3=C1OC(=O)C(=C3NC(=O)N)N)O)C=CC(=N2)O
textchemt5_low_sim_1_5,chemt5_gen_ens_low_sim_1_5,low1,B1C2=NC3=C(NC4=C2C=CC(=C4)OC)C(=NC(=N3)NC5=NC=CC6=C5C(=CC=C6)F)OC1=O.[As]
textchemt5_low_sim_1_6,chemt5_gen_ens_low_sim_1_6,low1,CC[C@H](C)C(=O)NC1=CC2=C(C3=C(C=C12)OC(=CC3=O)C4=CC=CC=C4OC(=O)NCC(=O)NC9=CC(=CC(=C9)OC)O)N
textchemt5_low_sim_1_7,chemt5_gen_ens_low_sim_1_7,low1,CC(C)CC(C)CC(C)CC(C)CCC(=O)OCC1=C(C=CC2=C1NC3=C2C=CC(=C3)S)N
textchemt5_low_sim_1_8,chemt5_gen_ens_low_sim_1_8,low1,CC(C)(C(=O)O)CC(C(=O)O)NC(=O) C1CC2=CC(=CC3=C2C=C(C=C3)OC)C4=C(C5=C(C6=C(C=C(C=C6C7=C(C(=CC(=C7C2=C1)O[Ag](O5)[O-])O[Ag](O6)CO)CN)OC)OO) CC(=O) andN
textchemt5_low_sim_1_9,chemt5_gen_ens_low_sim_1_9,low1,C1[C@H](C2=C(C3=C(C=CC(=C3)C(=O)O)N=C2C(=O)O1)O)NC(=O)NC4(CC4)C#N
textchemt5_low_sim_1_10,chemt5_gen_ens_low_sim_1_10,low1,CC(C)(C(=O)O)NC1=NC2=C(C3=C(S2)C(=CC=C3)I)C(=O)N1CCCC[C@@H](C(=O)NCCC(=O)NC(=O)N)NC4=CN=CN4
textchemt5_low_sim_1_11,chemt5_gen_ens_low_sim_1_11,low1,C1=CC=C2C(=C1)C(=C3C=C(C(=CC23)NC(=O)NC4=CC5=CN=CN5)O)C(=O)NC6=NC=CC(=C64)Br
textchemt5_low_sim_1_12,chemt5_gen_ens_low_sim_1_12,low1,CC(C)(COC(=O)CP(=O)(O)O)C(C(=O)NCC(=O)NC1=COC2=CC=CC=C21)N
textchemt5_low_sim_1_13,chemt5_gen_ens_low_sim_1_13,low1,C1C(C2=C(C3=C(C=CC(=C3)O)OC2=C1C4=NC(=CC=C4)F)O[C@H]5[C@@H]([C@@H]([C@H](O5)C)OC(=O)NC6CCC(C(=O)NC6=O)C)O)O
textchemt5_low_sim_1_14,chemt5_gen_ens_low_sim_1_14,low1,CC1(C=CC(NC1=O)c2ccc(P2C3=CC4=NC(=CC5=CC(=C(C=C35)O)OC)C(=O)OC)OCO4)O
textchemt5_low_sim_1_15,chemt5_gen_ens_low_sim_1_15,low1,C1=C2C(=NC1=O)N(C(=O)N(C2=O)C3=CC4=CC=CC=C4N3)CC(C(=O)O)N
textchemt5_low_sim_1_16,chemt5_gen_ens_low_sim_1_16,low1,C C1=CC2==C(2C((=C1)O))C((=OO)CC3==C((C=CCee3eee3eee3eee3eee3eee23 marcheeee browser marchetrafeeeeeeeeeeeeeeeeeeeee viteeee browsereeeeeeeeeeeeeeeeeeeeeeee masina masinaeee.
textchemt5_low_sim_1_17,chemt5_gen_ens_low_sim_1_17,low1,C1=CC=C2C(=C1)C(=O)C3=C(C2=O)C=C(C=C3)NC(=O)C respectivC Annie
textchemt5_low_sim_1_18,chemt5_gen_ens_low_sim_1_18,low1,C1=CC=C2C(=C1)C(=O)C3=C(C2=O)C=C(C=C3)NC(=O)C respectivC Images
textchemt5_low_sim_1_19,chemt5_gen_ens_low_sim_1_19,low1,C1=CC=C2C(=C1)C(=O)C3=C(C2=O)C=C(C=C3)NC(=O)C Korea
textchemt5_low_sim_1_20,chemt5_gen_ens_low_sim_1_20,low1,C1=CC=C2C(=C1)C(=O)C3=C(C2=O)C=C(C=C3)NC(=O)C respectivC vite
textchemt5_low_sim_1_21,chemt5_gen_ens_low_sim_1_21,low1,C1=CC=C2C(=C1)C(=O)C3=C(C2=O)C=C(C=C3)NC(=O)C respectivCmeasurable
textchemt5_low_sim_1_22,chemt5_gen_ens_low_sim_1_22,low1,C1=CC=C2C(=C1)C(=O)C3=C(C2=O)C=C(C=C3)NC(=O)C cauza4thanks ImagesN
textchemt5_low_sim_1_23,chemt5_gen_ens_low_sim_1_23,low1,C1=CC=C2C(=C1)C(=O)C3=C(C2=O)C=C(C=C3)NC(=O)C respectivC Golf
textchemt5_low_sim_1_24,chemt5_gen_ens_low_sim_1_24,low1,COC1=CC(=CC(=C1O)OC)C(C)CC2=CC3=C(C=C2O)OCO3
textchemt5_low_sim_1_25,chemt5_gen_ens_low_sim_1_25,low1,C1C(C2=NC3=CC=CC=C3C(=O)C2=C1N)O INK4(=O)M/C(=C/CSC(=N/O)/C(=O)NCCS(=O)O)/SC[C@@H](C(=O)NCCCNCS(=O)(=O)O
textchemt5_low_sim_1_26,chemt5_gen_ens_low_sim_1_26,low1,C1=C2C(=NC3=C2C=C(C=C32)O)N(C1=O)CCC(=O)N(C3=NC=NC4=CC=CC(=C43)C(=O)N2)CCCC(=O)NCCC5=CN=CN-5
textchemt5_low_sim_1_27,chemt5_gen_ens_low_sim_1_27,low1,COC1=C2C(=NC3=C1N=CC=C3)N(C=C2C(=O)O)C(=O)NC4=CC=C(C=C4)O
textchemt5_low_sim_1_28,chemt5_gen_ens_low_sim_1_28,low1,CNC(=O)C1=NN(C2C3=CC=CC=C3C(=N2)OCC1)CCC(OC(CNC(=O))O)C
textchemt5_low_sim_1_29,chemt5_gen_ens_low_sim_1_29,low1,C[C@@H]1[C@@H](P(=O)([O-])C1=O)NC 224230.OC1=NC2=.NC4=C3C(=NC=CC4=C34)N
textchemt5_low_sim_1_30,chemt5_gen_ens_low_sim_1_30,low1,C1=C2C(=NC(=NC2=N1)N)N
textchemt5_low_sim_1_31,chemt5_gen_ens_low_sim_1_31,low1,COC1=NC2=C(C(=C1)I)OC3=CC=CC(=C3C2=O) C(=O)OO
textchemt5_low_sim_1_32,chemt5_gen_ens_low_sim_1_32,low1,CCC(CC(C)C1=C2C(=NC=N1)N(C=N2)C3=CC=CC(=C3)O)(Br)Br
textchemt5_low_sim_1_33,chemt5_gen_ens_low_sim_1_33,low1,CNCCOC1=CC2=NC3=C(C=C12)N=C(NC3=O)N
textchemt5_med_sim_1_0,chemt5_gen_ens_med_sim_1_0,med1,C1CC[C@@H](N[C@H]1C1=CC=C(C=C1)C(=O)O)CN(C2C(=O)CC(=CC2)CN3C(=CC(=N3)C4CC4)C5=CC=C(C=C5)C(=O)O)C
textchemt5_med_sim_1_1,chemt5_gen_ens_med_sim_1_1,med1,C[C@@H]1C[C@H](C1)N(C[C@@H](C2CC2)C3=CC=CC=C3)C4=CC=C(C=C4)C(=O)O
textchemt5_med_sim_1_2,chemt5_gen_ens_med_sim_1_2,med1,C1CC[C@H]([C@H]1N2CCCCC2)N(CCC3=CC=C(C=C3)C4=CC=CC=C4)C[C@@H](C5=CC=CC=C5)Br
textchemt5_med_sim_1_3,chemt5_gen_ens_med_sim_1_3,med1,C[C@@H]1C[C@H](N(C1)CC2=CC=CC=C2)C3=CC=C(C=C3)C(=O)O
textchemt5_med_sim_1_4,chemt5_gen_ens_med_sim_1_4,med1,C1CN[C@@H](C[C@H]1NC(=O)C2=CC=CC=C2)C3=C(C=C(C=C3)C(=O)O)C4=CC(=CC=C4)O
textchemt5_med_sim_1_5,chemt5_gen_ens_med_sim_1_5,med1,C1CN([C@@H](C[C@H]1[C@H]2CCCC2)N3CCC(CC3)C4=CC=CC=C4)C(=O)C5=CC=C(C=C5)C(=O)O
textchemt5_med_sim_1_6,chemt5_gen_ens_med_sim_1_6,med1,C1CC[C@@H](N1)C[C@@H]2C(=O)N(CCC2)CCC3=CC=C(C=C3)CC4=CC=CC=C4
textchemt5_med_sim_1_7,chemt5_gen_ens_med_sim_1_7,med1,C1CC[C@@H](N[C@H]1C2=CC=C(C=C2)C(=O)O)NC[C@@H]3CCN(CC3)C4=CC=C(C=C4)C(=O)C5=CC=C(C=C5)C(=O)O
textchemt5_med_sim_1_8,chemt5_gen_ens_med_sim_1_8,med1,C[C@@H]1C[C@H](N(C1)C)CC(=O)C2=CC(=CC=C2)C(=O)O
textchemt5_med_sim_1_9,chemt5_gen_ens_med_sim_1_9,med1,C1CN[C@@H](C[C@H]1CC2=CC=CC=C2)C(=O)C3=CC(=CC=C3)C(=O)O
textchemt5_med_sim_1_10,chemt5_gen_ens_med_sim_1_10,med1,C1CCC(=C[C@@H]1[C@@H]2CNCCC2=C)CC3=CC=C(C=C3)C(=O)O
textchemt5_med_sim_1_11,chemt5_gen_ens_med_sim_1_11,med1,C1CN[C@H](C[C@@H]1C2=CC=CC=C2).NC[C@H]4CC=C(C=C4)[C@H](C5=CC=CC=C5)NC[C@@H](C6CCN(CC6)CC7=CC=C(C=C7)C(=O)O)O
textchemt5_med_sim_1_12,chemt5_gen_ens_med_sim_1_12,med1,C[C@H]1C[C@H](N[C@@H]1CC2=CC=C(C=C2)C3=CC=CC=C3)C(=O)O
textchemt5_med_sim_1_13,chemt5_gen_ens_med_sim_1_13,med1,C1CN([C@H]1C[C@H]2CC[C@@H](C2)C3=CC=CC=C3)C(=O)C4=CC(=CC=C4)C(=O)O
textchemt5_med_sim_1_14,chemt5_gen_ens_med_sim_1_14,med1,C[C@@H]1C[C@@H](N(C1)CC2=CC=C(C=C2)C3=CC=C(C=C3)C(=O)O)C[C@@H]4CCCC[C@H]4N5CCCCC5
textchemt5_med_sim_1_15,chemt5_gen_ens_med_sim_1_15,med1,C1C[C@H]([C@@H](C1)N(CCC2=CC=CC=C2)C(=O)C3=CC=C(C=C3)C(=O)O)N4CCCC[C@H]4C5=CC=CC=C5
textchemt5_med_sim_1_16,chemt5_gen_ens_med_sim_1_16,med1,C[C@@H]1C[C@@H](C1)N(C(=O)C2CCC(CC2)C3=CC=CC=C3)CC4=CC=C(C=C4)CC(=O)O
textchemt5_med_sim_1_17,chemt5_gen_ens_med_sim_1_17,med1,C[C@@H]1C[C@@H]([C@H]1N(C)CC2=CC=CC=C2)C3=CC=C(C=C3)C(=O)O
textchemt5_med_sim_1_18,chemt5_gen_ens_med_sim_1_18,med1,C1CNCC[C@@H]1N2CCC(CC2)(C3=CC=CC=C3)C4=CC=C(C=C4)C(=O)O
textchemt5_med_sim_1_19,chemt5_gen_ens_med_sim_1_19,med1,C1C[C@H](C[C@@H]1N3CCC(C3)C4=CC=CC=C4)NC(=O)C5=CC(=C(C=C5)C(=O)O)C6=CC=C(C=C6)C7=CC=CC=C7
textchemt5_med_sim_1_20,chemt5_gen_ens_med_sim_1_20,med1,C1C[C@H](N[C@@H]1CC2=CC=CC=C2)NC(=O)C3=CC(=C(C=C3)CC4CC4)C(=O)O
textchemt5_med_sim_1_21,chemt5_gen_ens_med_sim_1_21,med1,C1CN[C@H](C[C@@H]1C2=CC=CC=C2)C(=O)NC3(CC3)CC4=CC=C(C=C4)C(=O)O
textchemt5_med_sim_1_22,chemt5_gen_ens_med_sim_1_22,med1,C[C@@H]1C[C@H](N(C1)CC2=CC=CC=C2)N(C3=CC=C(C=C3)C(=O)O)CC4CCC(=C4)[C@@H]5CCCC5
textchemt5_med_sim_1_23,chemt5_gen_ens_med_sim_1_23,med1,C1CCC(=C1)[C@@H]2CN([C@H]([C@@H]2C(=O)O)C3=CC=C(C=C3)CC4CCCC4)C5=CC=CC=C5
textchemt5_med_sim_1_24,chemt5_gen_ens_med_sim_1_24,med1,C[C@@H]1C[C@H](N[C@@H](C1)C2=CC=CC=C2)C[C@@H]3CCC[C@H]3C4=CC=C(C=C4)C(=O)O
textchemt5_med_sim_1_25,chemt5_gen_ens_med_sim_1_25,med1,C1CCN[C@@H]1[C@@H](C2CC2)NC(C3=CC=CC=C3)(C4=CC=C(C=C4)C(=O)O)C5(CC5)C
textchemt5_med_sim_1_26,chemt5_gen_ens_med_sim_1_26,med1,C1C[C@H]([C@@H]1N2CCC(CC2)C3=CC=C(C=C3)CC4=CC=C(C=C4)C(=O)O)NCCCC5=CC=CC=C5
textchemt5_med_sim_1_27,chemt5_gen_ens_med_sim_1_27,med1,C1CN([C@H](C[C@@H]1C2=CC=CC=C2)C3=CC=C(C=C3)CSCC[C@@H]4CC(C4)C(=O)O)CC5=CC=C(C=C5)C(=O)O
textchemt5_med_sim_1_28,chemt5_gen_ens_med_sim_1_28,med1,C1CCN[C@@H](C1)[C@@H]2CCC=C2C3=CC=CC=C3C(=O)O
textchemt5_med_sim_1_29,chemt5_gen_ens_med_sim_1_29,med1,C=C1C[C@@H](N[C@H](C1)/C=CC2=CC=CC=C2)C3=CC=C(C=C3)C(=O)O
textchemt5_med_sim_1_30,chemt5_gen_ens_med_sim_1_30,med1,C1CC[C@@H]([C@H]1N[C@@H]CC2=CC(=CC=C2)C3=CC(=CC=C3)C(=O)O)C4=CC(=CC=C4)C(=O)O
textchemt5_med_sim_1_31,chemt5_gen_ens_med_sim_1_31,med1,C[C@@H]1C[C@H](N(C1)C)CC2=CC(=CC=C2)C(=O)O
textchemt5_med_sim_1_32,chemt5_gen_ens_med_sim_1_32,med1,C1CC[C@H](N[C@H]1CC2=CC=C(C=C2)C(=O)O)C3=CC=C(C=C3)CC4=CC=C(C=C4)C(=O)O
textchemt5_med_sim_1_33,chemt5_gen_ens_med_sim_1_33,med1,C1CN(C[C@@H](C1)[C@@H]2CCC2=CC3=CC=CC=C3)CC4=CC(=C(C=C4)C(=O)O)C(=O)O
textchemt5_med_sim_1_34,chemt5_gen_ens_med_sim_1_34,med1,C1CC[C@H](N[C@@H]1N2CCC(CC2)C3=CC=C(C=C3)C(=O)O)C4(CC4)C5=CC=C(C=C5)C(=O)O
textchemt5_med_sim_1_35,chemt5_gen_ens_med_sim_1_35,med1,C1CC(=C[C@@H]1N(CCC2)C2/C3=CC=CC=C3)C4=CC(=C(C=C4)C(=O)O)C(=O)O
textchemt5_med_sim_1_36,chemt5_gen_ens_med_sim_1_36,med1,CC1(CCN(CC1)CC2CC3=CC=C(C=C3)/C=C/C(=O)O)C(=O)C4(CC4)C5=CC=CC=C5CC2
textchemt5_med_sim_1_37,chemt5_gen_ens_med_sim_1_37,med1,C1C[C@H]([C@@H](N1)C2(CCCC2)NC3=CC=C(C=C3)C(=O)O)NC4=CC(=C(C=C4)C5=CC=C(C=C5)C(=O)O)C(=O)O
textchemt5_med_sim_1_38,chemt5_gen_ens_med_sim_1_38,med1,CN1[C@@H](CC[C@H]1[C@@H](C2=CC=CC=C2)C3=CC=C(C=C3)C(=O)O)C4(CC4)CN(C)CC5=CC(=CC=C5)CC6CCCC6
textchemt5_med_sim_1_39,chemt5_gen_ens_med_sim_1_39,med1,C1CC[C@H](N1)C
textchemt5_med_sim_1_40,chemt5_gen_ens_med_sim_1_40,med1,C[C@@H]1C[C@@H](N(C1)CC2=CC=CC=C2)NC[C@H]3CCC(=N3)CC4=CC=C(C=C4)C(=O)O
textchemt5_med_sim_1_41,chemt5_gen_ens_med_sim_1_41,med1,C1CC[C@@H]([C@@H]1N[C@](C2=CC=CC=C2)(C3=CC=C(C=C3)C(=O)O)C4CC4)C5(CCCC5)NC(=O)C6=CC=C(C=C6)C7=CC=CC=C7
textchemt5_med_sim_1_42,chemt5_gen_ens_med_sim_1_42,med1,C1CCN[C@H](C1)[C@@H]2CCC(=O)N(C2)C3=CC=C(C=C3)C4=CC=C(C=C4)C(=O)O
textchemt5_med_sim_1_43,chemt5_gen_ens_med_sim_1_43,med1,CN1CCC[C@H]1[C@@H](C2=CC(=CC=C2)C3=CC=C(C=C3)C(=O)O)NC(=O)C4CC5=CC=CC=C5C6=CC=CC=C64
textchemt5_med_sim_1_44,chemt5_gen_ens_med_sim_1_44,med1,C[C@@H]1C[C@H](NN(C1)CC2=CC=CC=C2)C3=CC4=C(C=C3)C(=CC=C4)CC5=CC=CC=C5C(=O)O
textchemt5_med_sim_1_45,chemt5_gen_ens_med_sim_1_45,med1,C1CC[C@@H]1N[C@H](C2=CC(=CC=C2)C3=CC=C(C=C3)C(=O)O)C[C@H](C4CC4)NC5=CC=C(C=C5)C(=O)O
textchemt5_med_sim_1_46,chemt5_gen_ens_med_sim_1_46,med1,C[C@@H]1C[C@@H](C[C@@H]1N(C)CCC2=CC=CC=C2)C3=CC=C(C=C3)C(=O)O
textchemt5_med_sim_1_47,chemt5_gen_ens_med_sim_1_47,med1,C1C[C@H]1N[C@@H](C2=CC(=CC=C2)C3=CC=CC=C3)C(=O)O
textchemt5_med_sim_1_48,chemt5_gen_ens_med_sim_1_48,med1,C[C@@H]1C[C@@H]([C@H]1/C=C/C2=CC=C(C=C2)C3=CC=C(C=C3)C(=O)O)NC[C@@H]4CCN(CC4)CCC5=CC(=CC=C5)C(=O)O
textchemt5_med_sim_1_49,chemt5_gen_ens_med_sim_1_49,med1,C1C[C@H]([C@@H](C1)N(CC2=CC=CC=C2)CC3=CC=C(C=C3)C(=O)O)N[C@H](C4CC4)C5=CC=CC=C5
textchemt5_med_sim_1_50,chemt5_gen_ens_med_sim_1_50,med1,C1CCC[C@H]1N(C[C@@H](C2CC2)NC3=CC=C(C=C3)C(=O)O)C4=CC=C(C=C4)C5=CC=CC=C5
textchemt5_med_sim_1_51,chemt5_gen_ens_med_sim_1_51,med1,C1C[C@H]([C@H]1N[C@H](C)C2=CC=C(C=C2)C(=O)O)CN3CCC(CC3)C4=CC=C(C=C4)C(=O)O
textchemt5_med_sim_1_52,chemt5_gen_ens_med_sim_1_52,med1,C1CCN[C@H]1C[C@@H](C)N(C[C@H](C2=CC=CC=C2)CC3=CC=C(C=C3)C(=O)O)C4=CC=CC=C4
textchemt5_med_sim_1_53,chemt5_gen_ens_med_sim_1_53,med1,C1CN[C@@H](C[C@H]1C2=CC=CC=C2)C3=CC(=CC=C3)C(=O)O
textchemt5_med_sim_1_54,chemt5_gen_ens_med_sim_1_54,med1,C[C@@H]1C[C@@H]([C@@H]1NC(=O)CC2=CC=CC=C2)[C@@H]3CCCBO3
textchemt5_med_sim_1_55,chemt5_gen_ens_med_sim_1_55,med1,C1CN(C[C@@H](C1)C2=CC=CC=C2)C[C@@H](C3=CC=C(C=C3)C(=O)O)NC5CCC(CC5)(C6=CC=CC=C6)C7=CC=CC=C7
textchemt5_med_sim_1_56,chemt5_gen_ens_med_sim_1_56,med1,C1CN[C@@H]([C@@H](C1)C2=CC=CC=C2)C[C@@H]4CC[C@H](C4)NC(=O)C5=C(C=CC(=C5)C(=O)O)C6=CC=CC=C6
textchemt5_med_sim_1_57,chemt5_gen_ens_med_sim_1_57,med1,C1CN[C@H](C[C@@H]1CC2=CC=CC=C2)C(=O)O
textchemt5_med_sim_1_58,chemt5_gen_ens_med_sim_1_58,med1,C1CC[C@@H](N[C@@H]1C2=CC=CC3=C2OCC(=C3)CC4=CC=C(C=C4)C(=O)O)C5CCN(CC5)CC6=CC=CC=C6
textchemt5_med_sim_1_59,chemt5_gen_ens_med_sim_1_59,med1,C1CC[C@@H](N(C1)CC2C(CC2)C3=CC=C(C=C3)C(=O)O)[C@@H]4CCC[C@H]4NC(=O)CC5=CC=C(C=C5)C(=O)O
textchemt5_med_sim_1_60,chemt5_gen_ens_med_sim_1_60,med1,C1C[C@H](N[C@H]1CC2=CC=C(C=C2)C(=O)O)C3=CC(=C(C=C3)C(=O)O)CC4CC4
textchemt5_med_sim_1_61,chemt5_gen_ens_med_sim_1_61,med1,C1C[C@H](N[C@@H]1C2=CC=CC=C2)N(C3=CC=C(C=C3)C(=O)O)CC4=CC=C(C=C4)C5=CC=C(C=C5)C(=O)O
textchemt5_med_sim_1_62,chemt5_gen_ens_med_sim_1_62,med1,C[C@@H]1C[C@H](N(C1)C)CC2=CC=C(C=C2)C(=O)O
textchemt5_med_sim_1_63,chemt5_gen_ens_med_sim_1_63,med1,C1CC[C@H]1N[C@@H](C2=CC=C(C=C2)C(=O)O)N3CCC(CC3)C4=CC=C(C=C4)CC5=CC(=CC=C5)C(=O)O
textchemt5_med_sim_1_64,chemt5_gen_ens_med_sim_1_64,med1,C1CC1N[C@@H](C=C2CCC(=N2)CN3C(=CC=C3)CC4=CC=C(C=C4)C(=O)O)C5=CC=C(C=C5)C(=O)O
textchemt5_med_sim_1_65,chemt5_gen_ens_med_sim_1_65,med1,C1C[C@H]([C@@H]1C2=CC=CC=C2)N(CC3(CC3)CC4=CC=C(C=C4)C(=O)O)C2CCN(CC2)C5=CC=C(C=C5)C(=O)O
textchemt5_med_sim_1_66,chemt5_gen_ens_med_sim_1_66,med1,C1CC[C@H]1N([C@H]2CC[C@H](C2)N3CC(C3)(C4=CC=CC=C4)CC5=CC=C(C=C5)C(=O)O)C6CCCC6
textchemt5_med_sim_1_67,chemt5_gen_ens_med_sim_1_67,med1,C[C@@H]1C[C@@H](C[C@@H]1N[C@@H](C3CCN(CC3)C)C(=O)C4=CC=CC=C4)C5=CC=C(C=C5)C(=O)O
textchemt5_med_sim_1_68,chemt5_gen_ens_med_sim_1_68,med1,C[C@@H]1C[C@@H](N(C1)CC2=CC=CC=C2)C(=O)NC3=CC(=C(C=C3)C(=O)O)C4CCN(CC4)C5=CC=CC=C5
textchemt5_med_sim_1_69,chemt5_gen_ens_med_sim_1_69,med1,C[C@@H]1C[C@@H](N[C@@H](C1)N2CCC(CC2)C3=CC=CC=C3)C4(CCCC4)C(=O)OCC5=CC=C(C=C5)C(=O)O
textchemt5_med_sim_1_70,chemt5_gen_ens_med_sim_1_70,med1,C1CC[C@@H]1N(C/C(=CC2=CC=CC=C2)/C3=CC=C(C=C3)C(=O)O)CC4CCCCN4CCC5=CC(=C(C=C5)C(=O)S)C6CC6
textchemt5_med_sim_1_71,chemt5_gen_ens_med_sim_1_71,med1,C1C[C@@H](N(C1)CC2=CC=CC=C2)C3=CC(=C(C=C3)C(=O)O)C(=O)O
textchemt5_med_sim_1_72,chemt5_gen_ens_med_sim_1_72,med1,C1C[C@](C[C@H]1N2CCC(CC2)C3=CC=C(C=C3)C(=O)O)(CN4C(=CC(=C4)C5=CC=CC=C5)C6=CC=CC=C6)C7CCC(CC7)C(=O)O
textchemt5_med_sim_1_73,chemt5_gen_ens_med_sim_1_73,med1,C1CC[C@@H](N(C1)CC2=CC=CC=C2)C[C@H]3CCC(=N3)C4=CC=C(C=C4)C(=O)O
textchemt5_med_sim_1_74,chemt5_gen_ens_med_sim_1_74,med1,C1CN[C@@H](C[C@H]1[C@H]2CCCC2=O)C3=CC=C(C=C3)C(=O)O
textchemt5_med_sim_1_75,chemt5_gen_ens_med_sim_1_75,med1,C1CCN[C@H](C1)[C@@H](C2CCC2)N3CCC(C3)C(=O)C4=CC=C(C=C4)C(=O)O
textchemt5_med_sim_1_76,chemt5_gen_ens_med_sim_1_76,med1,C[C@@H]1[C@H](C(=O)N(C1)CC2=CC=CC=C2)NC3CCC(=N3)C4=CC=C(C=C4)C(=O)O
textchemt5_med_sim_1_77,chemt5_gen_ens_med_sim_1_77,med1,C[C@H]1C[C@@H]([C@@H]1N(C)CC2=CC=C(C=C2)C(=O)O)C3=CC=C(C=C3)CSCC4=CC=CC=C4
textchemt5_med_sim_1_78,chemt5_gen_ens_med_sim_1_78,med1,C1C[C@H]([C@@H]1C2=CC=CC=C2)N[C@@H]3CCCC[C@H]3C4=CC(=C(C=C4)C(=O)O)C(=O)O
textchemt5_med_sim_1_79,chemt5_gen_ens_med_sim_1_79,med1,CN1CCC(C[C@H]1C2=CC=CC=C2)NC3=CC(=C(C=C3)C(=O)O)C4CC4
textchemt5_med_sim_1_80,chemt5_gen_ens_med_sim_1_80,med1,C[C@H]1CN(C[C@@H](C1)C2=CC=CC=C2)C[C@H](C3=CC=C(C=C3)C(=O)O)C5CCCN5C(=O)CC6CC6
textchemt5_med_sim_1_81,chemt5_gen_ens_med_sim_1_81,med1,C1CN[C@H](C[C@@H]1C2=CC=CC=C2)C(=O)N(CC3CC3)C(C4=CC=CC=C4C(=O)O)C5CCCC5
textchemt5_med_sim_1_82,chemt5_gen_ens_med_sim_1_82,med1,C1CC[C@H](N[C@@H]1CC2=CC=CC=C2)C3=CC=C(C=C3)C(=O)O
textchemt5_med_sim_1_83,chemt5_gen_ens_med_sim_1_83,med1,C[C@@H]1C[C@@H](N(C1)CC2=CC=CC=C2)NC3(CC3)CC4=CC=C(C=C4)C(=O)O
textchemt5_med_sim_1_84,chemt5_gen_ens_med_sim_1_84,med1,C[C@@H]1C[C@H](N(C1)C)CC2=CC(=CC=C2)C(=O)SCC3=CC=C(C=C3)C(=O)O
textchemt5_med_sim_1_85,chemt5_gen_ens_med_sim_1_85,med1,C1CC[C@H]1CN(C[C@@H]2CCC(=C2)CN3CC(C3)(C4=CC=CC=C4)CC5=CC=C(C=C5)C(=O)O)CC7=CC=C(C=C7)C(=O)O
textchemt5_med_sim_1_86,chemt5_gen_ens_med_sim_1_86,med1,C[C@@H]1CC[C@H](N1C[C@@H](C2=CC=CC=C2)NC3CCCC3)C4=CC=C(C=C4)C(=O)O
textchemt5_med_sim_1_87,chemt5_gen_ens_med_sim_1_87,med1,C1C[C@@H]([C@@H]1C2=CC=C(C=C2)C(=O)O)NCC3CCN(CC3)C(=O)C4=CC=C(C=C4)C(=O)O
textchemt5_med_sim_1_88,chemt5_gen_ens_med_sim_1_88,med1,CN(C/C=C/C1=CC=C(C=C1)[C@@H]2CCC[C@H](C2)N3CCCC3(C4=CC=CC=C4)CCC5=CC=C(C=C5)C(=O)O)C6CCCC6
textchemt5_med_sim_1_89,chemt5_gen_ens_med_sim_1_89,med1,C1CC[C@@H]1C(=O)N[C@@H](C2CC2)C3=CC=C(C=C3)C(=O)O
textchemt5_med_sim_1_90,chemt5_gen_ens_med_sim_1_90,med1,C1CC[C@H]([C@@H]1N[C@H]2CC[C@H](C2)NC3=CC=C(C=C3)C(=O)O)N4CCC(CC4)NC5=CC=C(C=C5)C(=O)O
textchemt5_med_sim_1_91,chemt5_gen_ens_med_sim_1_91,med1,C[C@@H]1C[C@H]1CCNC(=O)C2=C(C=C(C=C2)C(=O)O)CC3=CC=CC=C3
textchemt5_med_sim_1_92,chemt5_gen_ens_med_sim_1_92,med1,C1CC[C@H]([C@@H]1N[C@@H](C2CC2)C3=CC=CC=C3)C4=CC(=C(C=C4)C(=O)O)CC5=CC=CC(=C5)C6=CC=C(C=C6)C(=O)O
textchemt5_med_sim_1_93,chemt5_gen_ens_med_sim_1_93,med1,C1CC[C@@H]([C@@H]1N/C(=CC2CC2)NC3=CC(=CC=C3)C4=CC=C(C=C4)C(=O)O)N2CCC(CC2)CC3=CC=CC=C3
textchemt5_med_sim_1_94,chemt5_gen_ens_med_sim_1_94,med1,C1CCN[C@@H]1[C@@H]2CCC[C@H]2NC3=CC=C(C=C3)C(=O)O
textchemt5_med_sim_1_95,chemt5_gen_ens_med_sim_1_95,med1,C1CC[C@H]1N[C@H](C2CC2)C3=CC=CC(=C3)C(=O)O
textchemt5_med_sim_1_96,chemt5_gen_ens_med_sim_1_96,med1,C1CN(CCS1)C[C@@H]2C[C@@H](C[C@H]2CN(C3=CC=CC=C3)C(=O)C4=CC=C(C=C4)C(=O)O)C5=CC=C(C=C5)C(=O)O
textchemt5_med_sim_1_97,chemt5_gen_ens_med_sim_1_97,med1,C1CC[C@@H](N(C1)C2=CC=CC=C2)N3CCC(CC3)C(=O)O
textchemt5_med_sim_1_98,chemt5_gen_ens_med_sim_1_98,med1,C C[CC[CC@@@H]]1CC]C2=CC==C((C==C2)2)NC[C Pru=airesC cable plays 1911
textchemt5_med_sim_1_99,chemt5_gen_ens_med_sim_1_99,med1,C1CC[C@H]([C@@H]1N[C@@H](C2CC2)C3=CC=CC=C3)C(=O)O
